lact_num;avg_milk;avg_thi3
2;24.99;57.74
2;24.99;54.42
7;24.99;50.2
6;24.98;55.96
7;24.98;53.79
2;24.96;50.71
6;24.93;66.52
4;24.93;60.6
5;24.93;58.29
2;24.93;58.2
3;24.93;55.56
2;24.92;58.21
3;24.92;57.57
3;24.92;50.3
2;24.9;66.55
6;24.9;65.51
2;24.9;64.04
5;24.9;62.37
5;24.89;59.62
6;24.89;53.28
5;24.88;56.99
2;24.88;56.57
5;24.87;65.89
5;24.87;62.31
3;24.86;55.92
2;24.86;54.92
2;24.86;54.92
2;24.85;54.12
4;24.85;51.31
8;24.84;51.44
2;24.83;69.36
3;24.83;61.32
3;24.83;60.22
7;24.83;58.37
4;24.82;57.03
7;24.82;56.3
2;24.82;55.53
4;24.82;52.76
4;24.81;58.6
4;24.81;57.58
4;24.8;64.6
7;24.8;64.28
2;24.8;56.54
2;24.8;55.38
6;24.8;52.44
2;24.8;52.33
2;24.8;51.01
2;24.79;55.04
7;24.78;56.19
5;24.78;54.2
3;24.78;52.55
5;24.77;66.15
3;24.77;58.71
2;24.77;53.58
5;24.76;54.39
5;24.75;56.04
4;24.74;58.37
2;24.74;57.14
8;24.73;57.56
5;24.73;54.76
2;24.7;62.1
2;24.7;62.1
1;24.7;59.39
1;24.7;59.39
3;24.7;55.94
2;24.69;52.82
2;24.67;65.43
3;24.67;52.48
9;24.66;58.65
6;24.66;51.71
7;24.64;55.63
6;24.63;64.04
6;24.63;64.04
8;24.63;56.97
4;24.63;52.98
2;24.61;54.6
3;24.6;67.23
5;24.6;62.85
3;24.6;57.49
2;24.6;53.22
2;24.59;57.14
5;24.59;53.42
6;24.58;53
5;24.57;55.37
6;24.57;54.17
8;24.57;50.43
6;24.56;59.38
9;24.56;58.32
7;24.56;52.91
5;24.55;52.81
6;24.55;52.01
7;24.54;54.15
3;24.53;63.8
2;24.52;56.45
3;24.51;57.76
9;24.51;53.66
5;24.51;53.54
7;24.5;64.21
3;24.5;60.53
4;24.5;55.11
2;24.5;50.58
2;24.49;52.78
8;24.48;58.62
3;24.48;58.12
3;24.48;55.51
6;24.47;66.13
3;24.46;52.15
6;24.43;66.41
3;24.43;63.87
3;24.43;54.57
1;24.41;58.62
4;24.41;53.98
3;24.41;52.42
5;24.4;64.39
7;24.4;54.86
6;24.39;61.48
4;24.39;53.84
2;24.38;55.74
6;24.37;51
6;24.36;61.14
4;24.35;53.1
4;24.35;53.1
4;24.35;51.8
6;24.34;59.48
2;24.34;57.13
2;24.34;54.83
1;24.33;54.54
5;24.3;62.77
6;24.3;59.32
4;24.3;59.27
2;24.29;54.96
4;24.28;55.32
5;24.27;64.73
3;24.27;59.01
3;24.27;57.26
8;24.27;57.18
2;24.27;56.17
2;24.26;56.35
5;24.26;53.07
7;24.23;65.89
7;24.23;65.89
5;24.22;51.71
5;24.22;50.85
5;24.21;50.13
5;24.2;66.55
3;24.2;62.56
2;24.2;57.79
1;24.2;56.31
2;24.2;51.32
2;24.19;58.9
2;24.19;58.9
4;24.17;65.09
4;24.17;61.78
6;24.17;61.02
6;24.17;61.02
2;24.17;56.78
2;24.17;53.33
3;24.15;53.03
2;24.15;51.6
2;24.15;51.6
4;24.1;64.04
5;24.1;60.38
5;24.1;60.38
2;24.1;56.42
2;24.1;56.42
2;24.1;56.36
4;24.09;54.12
4;24.09;53.4
4;24.09;50.12
10;24.08;52.71
3;24.07;66.85
4;24.07;64.45
2;24.07;56.19
6;24.06;52.71
2;24.05;55.43
6;24.05;52.02
3;24.05;51.86
4;24.04;56.88
3;24.03;55.08
4;24.03;52.03
1;24.02;52.08
4;24.01;55.65
3;24.01;55.06
6;24;59.72
3;24;52.83
3;23.98;58.93
5;23.98;57.97
1;23.98;52.44
5;23.97;64.78
2;23.97;61.08
3;23.97;59.76
6;23.97;55.3
2;23.96;58.15
2;23.96;55.36
1;23.96;51.55
2;23.95;52.24
3;23.94;51.67
5;23.93;66.15
3;23.93;59.96
2;23.93;55.64
2;23.92;57.84
6;23.91;52.58
1;23.9;66.62
1;23.9;62.68
4;23.9;56.92
4;23.9;55.61
2;23.89;56.9
2;23.88;59.03
2;23.88;57.26
2;23.88;53.85
2;23.88;53.3
4;23.88;51.5
2;23.87;64.87
1;23.87;61.45
5;23.87;60.79
4;23.87;59.13
3;23.87;58.61
4;23.87;54.51
3;23.87;54.32
5;23.87;50.81
3;23.86;57.57
6;23.85;54.04
2;23.85;50.01
2;23.84;54.76
6;23.84;52.12
6;23.83;61.44
4;23.82;57.41
5;23.82;55.53
3;23.81;52.9
2;23.81;51.48
2;23.81;51.48
8;23.8;59.12
5;23.8;53.6
2;23.79;55.85
1;23.79;54.57
3;23.79;53.1
5;23.79;52.7
5;23.79;50.9
3;23.78;61.2
2;23.78;58.13
4;23.78;54.42
3;23.77;63.28
7;23.77;63.09
1;23.77;56.24
1;23.76;59.18
2;23.76;52.3
5;23.76;50.41
3;23.74;53.17
4;23.73;69.5
8;23.73;60.22
5;23.73;55.65
3;23.72;55.82
2;23.71;56.85
9;23.71;55.39
3;23.71;55.02
3;23.71;52.33
6;23.7;69.85
6;23.7;65.71
5;23.7;57.83
8;23.7;57.34
3;23.7;53.74
2;23.7;53.17
3;23.69;55.85
7;23.69;55.02
1;23.68;57.3
6;23.68;53.97
5;23.67;66.51
2;23.67;65.89
6;23.67;60.69
6;23.67;56.27
2;23.67;56.01
9;23.67;55.27
5;23.66;57.35
2;23.66;54.65
2;23.66;54.65
4;23.65;55.49
6;23.65;54.95
8;23.65;52.96
4;23.65;50.76
2;23.64;55.71
2;23.64;54.28
2;23.63;56.72
2;23.63;54.83
2;23.63;53.93
2;23.63;52.96
3;23.63;52.34
3;23.63;52.34
2;23.62;55.58
4;23.62;53
1;23.62;52.93
2;23.61;59.79
2;23.61;56.44
2;23.61;52.97
2;23.61;52.44
2;23.61;52.09
3;23.61;50.84
5;23.6;64.25
2;23.6;63.91
2;23.6;63.91
6;23.6;63.22
4;23.6;55.88
6;23.6;54.63
6;23.6;54.63
2;23.59;51.89
2;23.58;58.01
2;23.58;51.43
5;23.57;69.58
2;23.57;62.04
2;23.57;58.46
7;23.57;58.41
2;23.57;58.12
2;23.57;56.75
2;23.56;55.35
4;23.56;50.56
2;23.55;56.02
6;23.55;50.29
2;23.54;56.08
8;23.54;55.41
2;23.53;53.5
2;23.53;52.14
3;23.52;55.46
2;23.52;50.19
3;23.5;64.72
2;23.5;52.6
2;23.49;55.39
5;23.48;54.43
8;23.47;64.79
2;23.47;63.8
2;23.47;63.58
7;23.47;62.37
7;23.47;62.37
2;23.47;60.44
4;23.47;59.71
3;23.47;59.32
2;23.46;52.85
2;23.46;51.86
7;23.43;62.81
3;23.43;52.93
2;23.43;51.3
3;23.42;58.51
1;23.4;66.11
1;23.4;66.11
2;23.4;64.04
7;23.4;63.13
4;23.4;62.96
2;23.4;62.32
2;23.4;62.32
6;23.4;57.05
3;23.4;51.96
5;23.39;58.76
3;23.39;56.36
3;23.38;54.72
3;23.38;51.32
2;23.37;63.98
1;23.37;55.99
2;23.37;54.44
5;23.37;51.8
2;23.36;57.88
5;23.36;54.37
6;23.34;60.14
8;23.33;66.88
4;23.33;64.04
6;23.33;63.69
2;23.33;62.94
3;23.33;59.9
4;23.33;58.85
2;23.33;58.53
4;23.33;56.1
9;23.33;53.17
5;23.33;51.51
5;23.32;54.87
2;23.32;52.17
1;23.32;50.46
6;23.31;61.69
6;23.31;56.11
4;23.31;53.39
2;23.31;53.13
5;23.31;51.69
4;23.3;60.53
7;23.3;55.96
1;23.3;53.14
3;23.3;52.46
2;23.3;51.07
1;23.3;50.75
2;23.29;59.13
1;23.29;53.38
3;23.28;57.18
5;23.28;57.16
6;23.28;53.84
2;23.28;52.35
2;23.28;52.35
3;23.27;64.65
2;23.27;60
3;23.27;59.06
3;23.27;59.06
3;23.27;57.95
4;23.27;56.72
1;23.27;51.91
2;23.27;50.99
2;23.26;60.47
3;23.26;59.98
8;23.26;57.67
5;23.26;57.11
2;23.26;55.24
2;23.26;54.82
2;23.26;50.56
3;23.25;54.53
2;23.25;52.44
2;23.25;52.44
2;23.24;61.45
2;23.24;57.08
2;23.24;53.47
1;23.24;52.06
7;23.24;51.98
4;23.24;50.85
3;23.23;66.1
2;23.23;58.49
5;23.23;57.5
4;23.23;55.23
2;23.23;53.74
3;23.23;52.22
2;23.22;56.65
4;23.22;55.87
2;23.22;54.27
4;23.21;58.26
2;23.21;53.71
2;23.21;53.71
2;23.21;53.67
4;23.2;68.51
4;23.2;68.51
4;23.2;68.51
6;23.2;57.88
8;23.2;51.41
2;23.19;51.05
5;23.17;65.21
9;23.17;64.72
3;23.17;63.8
5;23.17;63.6
1;23.17;60.36
3;23.17;57.4
2;23.17;56.92
3;23.17;56.5
5;23.17;54.68
1;23.16;58.28
2;23.16;53.36
5;23.15;61.97
3;23.14;55.44
3;23.14;55.21
4;23.14;53.35
1;23.14;50.61
5;23.13;65.89
4;23.13;65.27
1;23.13;56.3
2;23.12;59
5;23.12;50.59
2;23.11;65.1
1;23.11;55.73
5;23.1;66.13
3;23.1;65.04
2;23.1;62.46
5;23.09;56.09
5;23.09;56.09
5;23.08;59.52
2;23.08;57.31
7;23.07;67.06
4;23.07;59.93
4;23.07;59.93
6;23.07;58.92
2;23.07;54.17
2;23.07;53.82
4;23.06;51.28
1;23.04;56.98
9;23.04;53.17
5;23.03;66.35
5;23.03;66.35
1;23.03;62.69
2;23.03;62.56
2;23.03;61.02
2;23.02;59.58
2;23.02;52.35
3;23.02;50.3
1;23.01;51.34
6;23;68.14
2;23;66.7
2;23;65.1
2;23;64.04
2;23;60.2
1;23;59.06
1;23;59.06
3;23;55.27
3;23;55.27
5;23;55.16
8;23;51.89
1;22.99;57.79
6;22.99;57.17
2;22.99;54.42
7;22.99;52.5
2;22.98;60.17
5;22.98;52.19
4;22.97;67.83
2;22.97;66.16
2;22.97;66.16
2;22.97;60.73
4;22.97;59.18
2;22.97;53.45
3;22.96;53.49
3;22.96;53.18
2;22.96;52.29
6;22.96;52.15
4;22.95;50.64
2;22.94;57.41
2;22.94;57.41
4;22.94;57.35
5;22.94;55.63
1;22.94;55.24
2;22.94;55
2;22.94;52.12
9;22.92;54.18
2;22.92;50.41
2;22.91;61.88
2;22.91;54.51
4;22.9;65.31
6;22.9;62.97
7;22.9;61.97
2;22.9;61.75
6;22.9;61.23
6;22.9;61.23
2;22.9;60.36
7;22.9;59.81
2;22.9;58.47
6;22.9;54.28
2;22.9;53.26
4;22.89;58.17
5;22.89;56.68
8;22.89;52.15
4;22.88;61.78
5;22.88;59.28
1;22.88;55.91
4;22.88;52.52
3;22.87;65.14
5;22.87;59.04
1;22.87;51.95
1;22.86;57.18
1;22.86;57.18
6;22.86;52.27
6;22.86;52.27
3;22.86;51.35
3;22.86;51.35
2;22.84;58.18
4;22.84;54.72
6;22.83;62.92
1;22.83;60.67
2;22.83;53.29
2;22.83;50.34
2;22.83;50.34
1;22.82;52.85
1;22.82;52.85
5;22.81;53.94
5;22.81;52.92
7;22.81;51.15
3;22.81;50.34
3;22.8;66.29
2;22.8;66.21
4;22.8;61.9
2;22.8;58.54
2;22.8;52.29
5;22.79;53.42
5;22.78;56.32
1;22.78;54.95
1;22.78;54.95
6;22.77;63.15
3;22.76;56.97
7;22.76;56.01
3;22.76;53.08
2;22.75;60.59
6;22.75;50.62
1;22.74;57.18
6;22.74;56.42
3;22.74;55.01
3;22.74;55.01
2;22.74;53.5
9;22.74;52.19
1;22.73;69.74
5;22.73;64.42
4;22.73;60.78
4;22.73;56.86
4;22.73;55.28
1;22.73;53.66
2;22.73;52.85
5;22.73;52.69
5;22.72;58.53
4;22.72;57.81
2;22.72;54.71
4;22.71;57.89
5;22.71;51.84
1;22.7;62.37
7;22.7;59.45
2;22.7;56.92
3;22.7;53.45
1;22.7;52.44
2;22.7;50.2
5;22.69;57.88
3;22.69;52.49
4;22.68;54.06
1;22.68;52.72
4;22.68;52.25
1;22.67;67.26
6;22.67;61.2
2;22.67;58.16
2;22.67;58.16
4;22.67;53.64
2;22.67;50.23
3;22.66;53.3
5;22.64;54.91
5;22.64;54.91
2;22.64;50.94
4;22.64;50.05
4;22.64;50.05
5;22.63;67.3
6;22.63;63.36
8;22.63;62
7;22.63;58.76
5;22.63;58.75
4;22.63;58.47
6;22.63;56.75
3;22.63;54.08
2;22.62;62.14
4;22.62;55.16
1;22.62;53.54
1;22.62;53.54
3;22.62;51.71
1;22.61;59.11
5;22.61;58.48
2;22.61;55.82
10;22.61;53.69
10;22.61;53.69
4;22.61;52.59
8;22.61;50.88
7;22.6;69.88
2;22.6;67.28
1;22.6;62.67
1;22.6;62.67
3;22.6;61.74
8;22.6;61.71
5;22.6;58.61
5;22.6;58.61
2;22.6;55.87
2;22.6;52.67
5;22.6;50.48
3;22.59;55.86
5;22.59;53.33
5;22.59;53.33
2;22.58;53.1
2;22.58;53.1
5;22.58;52.19
2;22.57;66.44
3;22.57;65.79
5;22.57;60.59
3;22.57;60.11
3;22.57;60.11
3;22.57;60.11
6;22.57;56.03
3;22.57;53.29
4;22.57;52.6
4;22.57;52.6
2;22.57;52.26
1;22.57;51.35
2;22.56;56.48
2;22.56;56.48
5;22.56;55.98
2;22.56;53.88
5;22.56;51.99
5;22.56;51.99
4;22.56;51.43
1;22.56;50.83
1;22.56;50.83
8;22.55;53.6
6;22.55;53.12
3;22.55;50.83
2;22.54;65.19
5;22.54;59.35
4;22.54;57.92
3;22.54;52.72
3;22.53;65.87
3;22.53;61.94
1;22.53;60.27
2;22.53;53.05
6;22.52;54.32
4;22.51;56.76
4;22.5;60.38
4;22.5;58.43
4;22.5;58.15
4;22.5;57.16
5;22.49;55.87
5;22.49;55.87
4;22.49;52.75
1;22.48;60.11
2;22.48;54.15
4;22.48;52.49
3;22.48;51.13
2;22.47;66.18
4;22.47;62.59
2;22.47;61.83
4;22.47;59.23
5;22.47;56.14
2;22.47;55.4
2;22.47;51.89
6;22.47;51.52
2;22.46;60.91
1;22.46;54.05
2;22.45;55.63
3;22.44;61.57
2;22.44;57.03
4;22.44;53.49
4;22.43;66.7
4;22.43;66.7
7;22.43;60.54
7;22.43;60.34
5;22.43;57.42
6;22.43;56.03
3;22.43;54.6
6;22.43;52.58
5;22.42;58.44
4;22.42;56.91
2;22.42;52.16
1;22.41;54.97
2;22.41;53.84
4;22.41;52.36
6;22.4;58.97
1;22.4;53.37
2;22.4;52.71
1;22.4;50.23
5;22.39;56.16
2;22.38;56.62
2;22.38;54.55
3;22.37;61.76
2;22.37;58.75
3;22.37;53.86
3;22.36;55.54
6;22.36;51.74
6;22.35;64.94
2;22.35;57.85
1;22.35;52.98
4;22.33;62.43
3;22.33;61.15
3;22.33;61.15
2;22.33;56.37
2;22.33;56.25
5;22.33;55.98
5;22.33;55.98
5;22.33;55.8
7;22.33;51.99
3;22.32;52.94
2;22.32;51.16
3;22.31;55.47
7;22.3;68.44
7;22.3;67.6
7;22.3;67.6
7;22.3;67.6
2;22.3;65.82
4;22.3;65.05
1;22.3;64.19
2;22.3;63.13
2;22.3;60.4
5;22.3;57.2
2;22.3;55.48
6;22.3;54.82
5;22.3;53.39
6;22.29;59.22
3;22.28;53.76
2;22.27;68.56
2;22.27;68.56
2;22.27;59.36
2;22.27;56.55
2;22.27;56.55
7;22.27;54.25
3;22.27;54.22
1;22.27;52.85
5;22.27;51.78
3;22.26;58.88
2;22.26;57.51
3;22.26;56.27
3;22.26;54.38
5;22.26;54.18
4;22.26;50.6
3;22.25;56.63
1;22.25;50.77
1;22.24;58.29
2;22.24;55.15
5;22.23;63.21
7;22.23;59.12
10;22.23;58.89
5;22.23;52.13
3;22.23;52.02
5;22.22;54.11
5;22.22;53.62
4;22.22;50.63
4;22.21;58.15
5;22.21;50.05
2;22.2;65.22
9;22.2;63.63
1;22.2;61.46
2;22.2;57.35
2;22.2;57.35
4;22.2;56.83
3;22.2;56.41
5;22.2;53.84
2;22.2;51.15
2;22.19;55.5
5;22.19;54.42
6;22.19;53.5
2;22.19;53.35
2;22.19;51.11
6;22.19;50.82
6;22.19;50.82
3;22.18;52.52
5;22.18;52.4
4;22.17;69.36
4;22.17;69.36
1;22.17;58.67
1;22.17;58.34
1;22.17;56.63
2;22.17;56.29
6;22.17;54.7
6;22.17;54.7
1;22.17;54.29
3;22.16;58.19
2;22.16;55.01
2;22.15;55.46
4;22.13;65.29
3;22.13;64.57
7;22.13;63.32
4;22.13;62.96
4;22.13;59.895
5;22.13;55.39
2;22.13;50.75
4;22.12;53.93
3;22.11;59.16
1;22.11;57.45
1;22.11;55.91
4;22.11;51.92
2;22.1;62.52
8;22.1;58.95
6;22.1;56.81
1;22.1;56.19
2;22.1;50.1
3;22.09;54.94
2;22.09;54.14
3;22.09;52.73
3;22.08;54.36
3;22.08;53.75
4;22.08;52.71
5;22.08;50.52
5;22.08;50.52
2;22.07;69.23
5;22.07;66.53
3;22.07;65.4
1;22.07;62.54
5;22.07;59.52
2;22.07;52.43
4;22.06;55.44
3;22.06;53.9
2;22.04;58.39
4;22.03;60.9
2;22.03;54.46
2;22.03;52.46
2;22.03;52.46
2;22.02;60.24
3;22.02;54.92
6;22.02;51.44
2;22.01;58.96
2;22.01;58.96
1;22.01;55.04
1;22;67.65
5;22;63.62
3;22;52.35
3;22;50.45
2;21.99;58.1
5;21.99;55.95
1;21.99;54.57
7;21.98;58.63
4;21.98;52.34
8;21.97;67.97
8;21.97;67.6
9;21.97;65.51
6;21.97;64.02
6;21.97;64.02
1;21.97;63.81
6;21.97;61.61
6;21.97;60.88
1;21.97;59.39
1;21.97;59.27
1;21.97;59.27
2;21.97;57.61
2;21.97;54.85
2;21.97;52.83
8;21.97;51.93
5;21.97;51.9
4;21.97;50.8
4;21.96;60.16
6;21.96;56.76
2;21.96;54.53
2;21.95;53.64
5;21.95;51.74
2;21.94;59.71
2;21.94;57.09
2;21.94;55.85
5;21.93;58.75
4;21.93;55.9
2;21.93;55.23
5;21.93;53.43
3;21.93;53.11
5;21.91;54.95
6;21.91;50.87
1;21.9;66.4
2;21.9;65.89
2;21.9;61.38
2;21.9;57.95
5;21.9;57.9
9;21.9;55.01
5;21.9;53.94
2;21.9;52.49
2;21.89;57.24
5;21.89;55.05
6;21.89;53.34
6;21.89;53.34
8;21.89;52.98
2;21.88;57.73
2;21.88;57.73
4;21.88;55.52
2;21.88;55.38
3;21.88;54.05
2;21.87;66.01
4;21.87;62.92
3;21.87;60.52
2;21.87;58.53
2;21.87;57.65
2;21.87;57.65
3;21.87;54.37
4;21.87;52.55
7;21.87;51.01
7;21.87;51.01
2;21.86;58.76
2;21.86;58.76
5;21.86;58.57
1;21.85;59.61
8;21.85;57.45
8;21.85;56.69
7;21.85;54.25
2;21.85;51.27
2;21.84;56.84
2;21.84;50.42
3;21.83;60.47
2;21.83;54.82
2;21.83;54.82
3;21.83;52.6
2;21.83;52.51
3;21.82;55.88
2;21.82;54.79
3;21.82;53.55
2;21.82;50.8
6;21.81;61.28
3;21.81;55.63
2;21.81;54.98
4;21.81;54.42
5;21.81;52.56
2;21.8;66.68
2;21.8;66.68
4;21.8;64.54
4;21.8;64.18
7;21.8;64.14
10;21.8;57.51
6;21.8;57.38
2;21.8;57.13
1;21.8;54.32
2;21.8;53.7
5;21.8;53.55
5;21.8;51.11
1;21.79;57.84
4;21.79;56.34
2;21.79;54.4
2;21.79;54.4
2;21.79;54.21
5;21.79;52.82
2;21.78;60.25
3;21.78;57.34
3;21.77;67.58
2;21.77;61.22
2;21.77;60.89
4;21.77;59.91
2;21.77;55.93
5;21.77;53.36
2;21.77;52.75
7;21.76;58.42
4;21.76;57.79
6;21.76;51.96
1;21.75;63.14
2;21.74;55.8
2;21.74;52.56
7;21.74;50.52
3;21.73;60.07
2;21.73;53.5
1;21.73;52.66
2;21.72;57.9
2;21.72;56.63
2;21.72;55.61
4;21.72;53.5
5;21.72;53.19
2;21.71;61.08
2;21.71;61.08
3;21.71;60.34
4;21.71;57.66
3;21.71;53.59
2;21.71;51.63
4;21.7;65.79
2;21.7;65.71
2;21.7;63.8
2;21.7;61.18
5;21.7;59.69
6;21.7;55.24
6;21.7;53.97
2;21.7;53.15
2;21.7;52.8
4;21.7;52.51
3;21.7;50.95
3;21.7;50.95
2;21.7;50.43
6;21.69;62.12
8;21.69;56.62
2;21.69;54.55
6;21.69;53.62
2;21.69;51.9
3;21.69;51.79
3;21.68;56.77
2;21.68;55.97
2;21.68;53.17
5;21.67;63.21
3;21.67;62.52
5;21.67;62.08
5;21.67;61.96
5;21.67;61.96
3;21.67;61.6
3;21.67;61.6
4;21.67;61.23
2;21.67;57.94
4;21.67;57.12
2;21.67;55.72
2;21.67;50.46
2;21.67;50.46
1;21.66;62.11
2;21.66;59.88
2;21.66;58.95
3;21.66;57.22
6;21.66;52.47
1;21.65;55.88
2;21.65;54.99
2;21.64;57.67
5;21.64;55.8
5;21.64;54.76
9;21.64;50.33
2;21.63;69.17
4;21.63;65.4
9;21.63;62.07
2;21.63;56.74
2;21.63;56.55
1;21.63;55.9
6;21.63;54.04
9;21.63;50
2;21.62;57.35
2;21.61;56.88
4;21.61;56
1;21.61;51.86
2;21.6;68.69
2;21.6;68.69
3;21.6;68.25
2;21.6;66.21
2;21.6;65.9
4;21.6;65.1
2;21.6;59.93
1;21.6;59.5
1;21.6;59.45
1;21.6;59.45
2;21.6;58.89
2;21.6;58.89
4;21.6;58.72
1;21.6;57.05
2;21.6;55.67
2;21.6;55.67
5;21.6;55.42
2;21.6;53.21
2;21.6;52.74
4;21.59;61
5;21.59;53.06
2;21.59;51.41
2;21.58;60.34
1;21.58;56.91
5;21.58;54.91
4;21.58;54.89
2;21.58;54.32
3;21.58;53.91
4;21.57;63.63
2;21.57;59.81
2;21.57;54.27
2;21.57;54.25
8;21.57;52.56
2;21.57;51.1
4;21.56;56.99
1;21.55;57.48
6;21.55;54.83
10;21.55;54.68
4;21.54;57.7
2;21.54;57.48
3;21.54;56.68
4;21.53;64.58
5;21.53;62.98
5;21.53;60.88
6;21.53;59.91
6;21.53;59.91
6;21.53;59.91
6;21.53;59.91
2;21.53;56.74
2;21.53;56.26
6;21.52;55.89
6;21.52;53.69
4;21.52;52.85
2;21.52;51.45
1;21.52;51.38
1;21.51;56.99
3;21.51;56.08
4;21.51;53.72
6;21.51;52.96
1;21.51;50.42
2;21.5;67.34
2;21.5;62.43
3;21.5;58.89
4;21.5;56.01
2;21.5;52.93
1;21.5;50.95
1;21.49;51.31
1;21.49;51.31
3;21.48;57.27
4;21.48;55.19
6;21.47;69.7
3;21.47;67.9
1;21.47;65.79
1;21.47;65.79
4;21.47;59.58
3;21.47;58.45
4;21.47;57.38
5;21.47;56.45
1;21.47;54.86
4;21.46;56.5
2;21.45;57.06
4;21.45;55.99
7;21.45;50.54
1;21.44;56.67
1;21.44;54.9
4;21.44;54.37
5;21.44;52.92
6;21.44;50.9
5;21.44;50.03
3;21.43;66.61
9;21.43;55.25
4;21.43;54.19
5;21.43;51.76
4;21.42;59.19
3;21.42;54.81
3;21.42;54.62
6;21.42;53.9
2;21.42;51.65
2;21.42;51.65
2;21.41;54.43
3;21.41;53.44
2;21.4;69.18
2;21.4;68.36
2;21.4;68.21
2;21.4;68.21
1;21.4;64.8
5;21.4;64.23
2;21.4;60.85
2;21.4;55.91
1;21.4;51.49
1;21.4;51.37
7;21.4;50.71
4;21.4;50.16
2;21.39;64.53
2;21.39;59.26
4;21.39;58.86
3;21.39;57.49
5;21.39;57.04
4;21.39;52.94
1;21.39;51.17
5;21.38;57.67
2;21.38;54.57
3;21.38;53.23
4;21.38;51.05
4;21.38;50.7
6;21.38;50.11
2;21.37;68.93
7;21.37;65.82
4;21.37;64.12
8;21.37;62.91
2;21.37;59.04
2;21.37;58.66
5;21.37;54.7
7;21.36;56.55
7;21.36;55.55
2;21.36;54.56
2;21.36;51.79
3;21.35;63.62
2;21.35;56.5
2;21.34;62.84
4;21.34;53.45
2;21.33;64.78
3;21.33;62.91
9;21.33;57.85
1;21.33;54.95
5;21.33;51.44
2;21.33;51.32
4;21.33;51.16
3;21.33;50.24
2;21.33;50.03
2;21.32;58.21
2;21.32;54.62
2;21.31;62.15
6;21.31;57.51
2;21.31;55.61
4;21.31;50.36
2;21.31;50.19
3;21.3;69.75
2;21.3;67.01
3;21.3;65.24
7;21.3;63.08
4;21.3;62.25
2;21.3;62.12
2;21.3;62.12
6;21.3;61.36
4;21.3;60.71
6;21.3;55.61
2;21.3;54.41
3;21.3;53.02
4;21.3;52.62
4;21.29;56.95
7;21.28;57.65
7;21.28;57.65
2;21.28;56.13
2;21.28;56.13
2;21.28;55.14
2;21.28;53.85
4;21.28;52.37
4;21.27;64.24
3;21.27;60.5
9;21.27;56.21
5;21.27;54.26
2;21.27;53.81
2;21.27;53.81
2;21.27;53.81
2;21.27;53.58
2;21.27;52.67
7;21.26;56.81
1;21.26;53.29
4;21.26;51.28
5;21.25;53.79
3;21.24;59.65
6;21.24;57.91
2;21.24;51.39
2;21.23;67.6
2;21.23;66.55
2;21.23;65.36
3;21.23;63.56
6;21.23;61.24
8;21.23;61.07
1;21.23;58.39
2;21.23;55.25
5;21.23;54.65
4;21.22;57.2
1;21.22;56.91
7;21.22;55.86
2;21.22;55.66
6;21.22;51.5
6;21.22;51.5
2;21.21;61.28
2;21.21;56.59
2;21.21;55.53
2;21.21;51.02
2;21.2;68.51
4;21.2;66.63
4;21.2;66.63
7;21.2;65.9
7;21.2;65.9
4;21.2;60.92
5;21.2;60.81
7;21.2;59.13
4;21.2;54.72
7;21.2;54.43
1;21.2;53.33
2;21.2;50.59
2;21.19;57.5
4;21.19;55.06
5;21.19;53.5
1;21.19;53.38
3;21.19;51.96
3;21.19;51.88
1;21.19;51.44
4;21.19;50.81
1;21.18;61.66
3;21.18;58.82
1;21.18;56.57
5;21.18;56.54
6;21.18;55.99
1;21.18;55.9
1;21.18;53.14
2;21.18;52.5
1;21.18;52.28
7;21.18;52.16
3;21.18;50.91
1;21.18;50.2
1;21.18;50.2
2;21.17;57.4
2;21.17;57.4
2;21.17;56.72
2;21.17;51.78
9;21.17;51.09
3;21.16;54.13
5;21.16;53.26
2;21.16;52.81
2;21.16;52.73
2;21.16;52.73
9;21.16;51.99
3;21.16;50.46
1;21.15;53.69
3;21.15;52.62
3;21.15;52.62
2;21.15;50.79
4;21.14;59.29
2;21.14;56.54
2;21.14;55.26
7;21.14;53.75
7;21.14;53.75
2;21.13;67.16
2;21.13;63.39
2;21.13;62.77
2;21.13;62.77
6;21.13;61.74
3;21.13;59.78
8;21.13;59.15
2;21.13;58.76
2;21.13;58.28
4;21.13;57.14
3;21.13;56.57
1;21.13;53.37
2;21.13;52.93
2;21.13;52.93
3;21.13;50.75
4;21.12;55.58
4;21.12;55.58
4;21.12;52.84
3;21.12;52.83
2;21.12;51.45
2;21.12;51.45
3;21.12;51.14
2;21.11;60.97
8;21.11;58.12
1;21.11;56.11
2;21.11;56
2;21.11;55.14
1;21.11;54.75
1;21.11;53.47
2;21.1;64.42
2;21.1;64.42
6;21.1;63.89
1;21.1;63.76
1;21.1;63.46
1;21.1;61.08
5;21.1;60.73
3;21.1;60.44
5;21.1;59.93
5;21.1;58.17
3;21.1;57.76
2;21.1;53.85
2;21.1;53.12
1;21.1;50.7
4;21.09;60.09
7;21.09;60.07
2;21.09;55.15
2;21.09;51.12
2;21.09;50.88
2;21.08;51.79
5;21.08;50.98
4;21.07;64.51
3;21.07;60.27
5;21.07;59.87
2;21.07;59.15
5;21.07;58.84
1;21.07;58.57
2;21.07;58.07
2;21.07;56.75
4;21.07;55.85
3;21.07;54.21
2;21.07;53.59
2;21.07;52.05
4;21.06;55.96
4;21.06;55.96
2;21.06;53.8
8;21.06;53.11
8;21.06;53.11
2;21.06;52.58
2;21.05;56.92
2;21.05;56.07
7;21.05;54.97
8;21.05;51.46
2;21.04;56.06
8;21.04;53.03
5;21.04;51.2
2;21.03;67.06
3;21.03;66.74
2;21.03;64.45
2;21.03;63.17
2;21.03;61.76
1;21.03;60.78
2;21.03;60.66
9;21.03;60.02
3;21.03;59.22
4;21.03;58.16
1;21.03;56.64
2;21.03;55.53
6;21.03;54.9
4;21.03;53.71
4;21.03;52.39
1;21.02;56.4
3;21.02;55.55
2;21.02;55.47
9;21.01;56.37
2;21.01;56.02
3;21.01;53.1
6;21.01;52.53
2;21.01;50.63
3;21;68.17
4;21;66.79
1;21;62.2
1;21;59.81
1;21;59.81
1;21;59.81
3;21;59.02
1;21;58.56
6;21;58.51
4;21;56.35
4;21;54.09
6;21;51.4
4;21;51.09
2;21;50.16
2;20.99;56.36
2;20.99;54.03
2;20.99;51.67
4;20.99;50.51
2;20.98;52.73
3;20.98;51.98
4;20.97;65.16
1;20.97;64.66
2;20.97;62.46
2;20.97;62.46
2;20.97;62.02
2;20.97;62.02
4;20.97;61.55
2;20.97;56.52
3;20.97;54.28
1;20.97;53.96
7;20.96;55.17
1;20.96;54.11
1;20.94;60.39
2;20.94;59.35
2;20.94;56.57
2;20.94;56.51
5;20.94;53.03
4;20.94;52.76
2;20.93;69.58
2;20.93;69.58
8;20.93;67.92
4;20.93;64.52
6;20.93;63.18
4;20.93;62.2
6;20.93;59.58
4;20.93;58.72
7;20.93;54.85
7;20.93;54.85
2;20.93;51.2
1;20.92;55.33
1;20.92;53.28
3;20.92;53.22
2;20.92;51.23
9;20.91;60.78
2;20.91;54.77
7;20.91;51.74
4;20.91;50.85
5;20.9;66.75
1;20.9;66.69
1;20.9;64.8
5;20.9;64.79
6;20.9;64.73
3;20.9;64.04
4;20.9;63.4
2;20.9;62.88
2;20.9;62.57
2;20.9;61.98
2;20.9;61.66
2;20.9;60.84
2;20.9;60.53
1;20.9;58.31
4;20.9;58.03
3;20.9;57.38
2;20.9;54.84
1;20.9;54.64
2;20.89;57.78
1;20.89;56.26
2;20.89;56.25
5;20.89;53.88
2;20.89;53.14
2;20.89;52.56
4;20.89;50.02
1;20.88;61.08
4;20.88;56.17
5;20.88;55.55
8;20.88;54.6
1;20.88;53.61
3;20.88;53.54
1;20.88;50.15
5;20.87;68.21
6;20.87;64.24
2;20.87;58.7
4;20.87;58.65
1;20.87;57.82
7;20.87;57.5
4;20.87;57
1;20.87;53.26
1;20.87;53.26
1;20.86;58.31
3;20.86;54.95
1;20.86;53.37
2;20.86;52.38
2;20.85;54.86
6;20.85;52.46
6;20.85;52.46
6;20.85;52.46
2;20.85;52.32
4;20.85;50
1;20.84;56.13
4;20.84;55.67
2;20.84;54.26
5;20.84;53.01
5;20.83;64.33
1;20.83;63.67
7;20.83;63.41
1;20.83;62.61
4;20.83;61.47
1;20.83;61.36
2;20.83;60.63
6;20.83;60.6
6;20.83;56.83
4;20.83;56.28
3;20.83;53.78
2;20.83;52.84
1;20.82;57.67
6;20.82;53.13
3;20.82;52.42
1;20.82;51.79
2;20.81;56.19
4;20.81;55.96
2;20.8;69.55
1;20.8;68.83
4;20.8;66.58
4;20.8;66.58
2;20.8;65.37
7;20.8;64.94
7;20.8;64.26
1;20.8;63.69
2;20.8;63.01
9;20.8;61.11
5;20.8;59.84
5;20.8;59.84
2;20.8;59.69
3;20.8;59.63
3;20.8;59.5
2;20.8;58.61
1;20.8;57.74
1;20.8;57.27
5;20.8;57.13
2;20.8;57.06
2;20.8;57.04
3;20.8;56.14
2;20.8;54.49
2;20.8;53.43
2;20.8;51.8
2;20.8;51.4
1;20.79;59.5
5;20.79;58.8
2;20.79;57.68
4;20.79;56.64
2;20.79;55.13
2;20.79;54.84
2;20.79;50.93
2;20.78;60.01
7;20.78;58.29
2;20.78;54.31
4;20.78;51.8
2;20.78;51.55
4;20.77;66.01
1;20.77;65.65
4;20.77;65.33
9;20.77;65.16
4;20.77;64.88
6;20.77;64.52
2;20.77;64.1
2;20.77;63.49
5;20.77;63.29
4;20.77;59.17
2;20.77;58.6
2;20.77;56.46
2;20.77;56.46
2;20.77;56.46
3;20.77;55.72
2;20.77;55.03
2;20.77;53.89
3;20.77;52.8
6;20.77;51.56
6;20.77;51.36
2;20.76;55.86
5;20.76;53.82
2;20.76;53.11
2;20.75;58.24
4;20.75;56.89
2;20.75;56.48
1;20.74;58.51
2;20.74;57.59
2;20.74;57.24
3;20.74;50.31
5;20.73;67.34
2;20.73;66.16
2;20.73;66.16
2;20.73;66.16
2;20.73;66.13
2;20.73;65.56
2;20.73;65.56
3;20.73;64.89
3;20.73;62.27
2;20.73;59.19
2;20.73;58.76
4;20.73;56.62
3;20.73;55.99
2;20.73;53.89
4;20.73;53.64
6;20.73;51.44
2;20.72;59.62
1;20.72;55.96
6;20.72;55.76
4;20.72;52.63
4;20.71;59.67
6;20.71;55.35
2;20.71;55.23
5;20.71;55.11
8;20.71;53.51
3;20.71;51.75
4;20.7;67.54
2;20.7;64.04
5;20.7;62.9
2;20.7;59.92
2;20.7;59.92
2;20.7;59.92
4;20.7;56.12
4;20.7;56.12
3;20.7;53.64
4;20.7;53.48
1;20.7;53.18
2;20.7;52.82
4;20.7;51.47
2;20.69;59.57
4;20.69;51.93
4;20.69;50.41
2;20.68;55.16
2;20.68;53.75
4;20.67;69.97
2;20.67;69.73
5;20.67;67.42
6;20.67;65.02
5;20.67;62.69
8;20.67;61.5
4;20.67;58.7
1;20.67;56.5
2;20.67;54.25
4;20.67;53.57
4;20.67;52.69
1;20.67;51.04
1;20.66;60.21
1;20.66;57.98
2;20.66;57.85
1;20.66;57.23
7;20.66;56.89
3;20.66;51.47
2;20.66;50.76
1;20.65;65.82
4;20.65;56.26
6;20.65;52.54
2;20.64;55.79
5;20.64;55.12
2;20.63;69.01
3;20.63;68.41
2;20.63;66.86
2;20.63;66.86
7;20.63;66.23
4;20.63;63.34
9;20.63;61.64
2;20.63;60.59
1;20.63;59.14
5;20.63;58.09
2;20.63;58.01
2;20.63;58.01
2;20.63;58.01
3;20.63;56.95
6;20.63;54.4
2;20.63;53.95
1;20.63;51.8
2;20.63;51.44
9;20.63;51.42
8;20.62;55.79
2;20.62;55.72
2;20.62;54.08
2;20.62;54.08
4;20.62;53.01
2;20.62;52.33
5;20.62;50.15
2;20.61;58.59
5;20.61;53.81
4;20.61;51.76
2;20.61;51.26
2;20.61;51.26
4;20.6;69.45
2;20.6;66.05
3;20.6;65.75
2;20.6;65.13
3;20.6;65.07
5;20.6;63.96
6;20.6;62.81
2;20.6;62.77
2;20.6;62.08
2;20.6;61.83
5;20.6;60.91
2;20.6;60.85
3;20.6;54.1
1;20.59;57.04
2;20.59;56.79
2;20.59;56.55
3;20.59;55.95
2;20.59;55.07
4;20.59;54.63
1;20.59;53.25
2;20.59;51.66
2;20.59;51.66
1;20.58;55.5
8;20.58;53.99
1;20.58;51.84
6;20.58;51.25
2;20.58;51.19
4;20.57;67.26
5;20.57;65.85
2;20.57;65.16
7;20.57;62.31
2;20.57;56.35
2;20.57;55.69
4;20.57;52.1
2;20.56;58.38
1;20.56;57.84
5;20.56;57.4
3;20.56;57.1
2;20.56;55.08
1;20.56;54.48
1;20.56;54.48
3;20.56;52.67
4;20.55;55.9
2;20.55;52.72
2;20.55;52.72
3;20.55;52.55
2;20.54;57.57
2;20.54;55.49
1;20.53;66.55
1;20.53;66.13
1;20.53;66.13
2;20.53;65.14
2;20.53;64.41
2;20.53;62.68
2;20.53;62.68
2;20.53;59.74
2;20.53;58.64
7;20.53;58.34
2;20.53;57.37
2;20.53;57.37
6;20.53;57.11
3;20.53;57
8;20.53;55.45
4;20.53;51.34
1;20.52;62.21
6;20.52;56.06
2;20.51;57.53
6;20.51;57.35
3;20.51;57.29
2;20.51;54.64
2;20.51;53.23
4;20.51;51.5
3;20.5;67.54
2;20.5;66.13
6;20.5;64.03
3;20.5;61.2
2;20.5;60.74
2;20.5;59.72
3;20.5;57.4
2;20.5;56.99
4;20.5;54.53
3;20.5;53.39
2;20.49;56.5
2;20.49;56.21
7;20.49;55.79
3;20.49;54.91
1;20.49;54.46
2;20.49;54.28
2;20.49;51.84
2;20.49;51.84
5;20.49;51.03
2;20.48;61.65
1;20.48;58.75
1;20.48;54.13
2;20.48;53.62
2;20.48;52.36
4;20.47;65.79
1;20.47;62.76
6;20.47;62.48
4;20.47;62.4
4;20.47;62.04
6;20.47;59.14
2;20.47;57.21
2;20.47;54.59
2;20.47;54.54
1;20.47;53.71
2;20.47;52.02
2;20.47;51.76
2;20.46;57.32
4;20.46;55.63
6;20.46;55.34
6;20.46;55.34
7;20.46;54.96
4;20.46;51.92
5;20.46;51.03
2;20.45;58.07
2;20.45;54.55
6;20.45;53.5
2;20.44;58.87
2;20.44;56.59
3;20.44;54.78
5;20.44;54.13
5;20.44;53.87
3;20.44;53.68
4;20.44;51.42
7;20.44;50.99
3;20.43;67.27
1;20.43;63.92
6;20.43;63.32
3;20.43;62.57
6;20.43;62.54
9;20.43;60.1
4;20.43;55.12
2;20.43;53.75
2;20.43;53.59
2;20.43;52.9
2;20.43;52.9
3;20.42;61.51
3;20.42;55.67
2;20.42;54.24
1;20.42;54
2;20.41;60.68
2;20.41;59.57
2;20.41;54.01
8;20.41;52.71
2;20.41;52.23
1;20.4;65.82
4;20.4;65.4
4;20.4;65.4
7;20.4;65.01
5;20.4;64.98
2;20.4;64.15
2;20.4;64.15
7;20.4;63.57
7;20.4;63.57
1;20.4;62.47
3;20.39;60.56
1;20.39;57.1
2;20.39;56.75
5;20.39;54.09
7;20.38;58.3
6;20.38;56.37
2;20.38;56.25
1;20.38;56.13
1;20.38;53.97
1;20.38;53.94
3;20.38;51.85
1;20.38;50.78
5;20.38;50.53
1;20.38;50.09
8;20.37;67.77
2;20.37;67.6
2;20.37;67.6
4;20.37;67.55
4;20.37;67.55
1;20.37;66.41
7;20.37;65.72
4;20.37;64.56
4;20.37;62.71
3;20.37;61.6
3;20.37;61.6
6;20.37;61.19
4;20.37;60.06
2;20.37;50.76
1;20.36;56.91
4;20.36;53.47
2;20.36;50.38
2;20.36;50.38
2;20.35;56.54
2;20.35;52.98
5;20.35;52.28
2;20.35;52.24
5;20.34;60.9
2;20.34;59.76
4;20.34;55.46
6;20.34;52.47
4;20.34;51.89
4;20.33;68.19
3;20.33;66.73
6;20.33;66.28
1;20.33;64.56
1;20.33;64.56
5;20.33;63.86
5;20.33;63.86
4;20.33;63.07
2;20.33;61.31
6;20.33;59.86
6;20.33;59.86
2;20.33;57.7
2;20.33;57.7
2;20.33;54.6
2;20.33;53.45
6;20.33;53.08
3;20.32;58.91
6;20.32;52.1
5;20.31;61.06
5;20.31;57.22
6;20.31;50.56
2;20.3;67.72
2;20.3;64.82
3;20.3;64.05
2;20.3;63.69
2;20.3;63.69
1;20.3;62.96
2;20.3;62.6
2;20.3;62.6
3;20.3;62.26
7;20.3;62.12
5;20.3;58.76
3;20.3;57.38
6;20.3;56.88
7;20.3;56.87
2;20.3;55.37
2;20.3;55.08
2;20.3;55.08
2;20.3;53.07
6;20.3;52.12
2;20.3;51.85
3;20.3;50.73
2;20.29;59.52
2;20.29;56.85
6;20.29;56.13
2;20.29;56.13
2;20.28;59.69
2;20.28;58.43
2;20.28;58.03
5;20.28;54.16
5;20.27;65.26
3;20.27;64.81
6;20.27;61.63
1;20.27;60.72
5;20.27;58.84
2;20.27;55.56
2;20.27;55.12
2;20.27;55.12
2;20.27;52.75
3;20.27;50.7
2;20.26;55.16
2;20.26;54.62
2;20.26;52.02
6;20.25;52.3
6;20.24;57.51
1;20.24;53.23
1;20.24;53.19
5;20.24;50.19
5;20.24;50.19
5;20.24;50.19
6;20.24;50.18
3;20.23;67.88
3;20.23;64.5
3;20.23;64.5
6;20.23;64.41
6;20.23;64.41
4;20.23;62.7
1;20.23;61.86
4;20.23;61.34
5;20.23;60.45
1;20.23;59.91
5;20.23;57.95
2;20.23;57.86
2;20.23;56.48
2;20.23;54.44
2;20.23;53.97
1;20.23;52.78
1;20.23;52.02
3;20.23;51.93
2;20.22;58.45
2;20.22;58.45
7;20.22;57.97
2;20.22;56.89
2;20.22;56.61
2;20.22;55.52
3;20.22;55.11
3;20.22;55.11
4;20.22;54.4
2;20.22;52.49
2;20.22;51.68
2;20.22;51.5
8;20.22;51.09
2;20.21;57.27
2;20.21;51.49
5;20.21;50.3
1;20.21;50.23
3;20.2;69.62
5;20.2;68.51
1;20.2;66.25
2;20.2;65.2
6;20.2;64.95
5;20.2;64.24
2;20.2;63.76
4;20.2;62.9
4;20.2;60.94
1;20.2;58.53
6;20.2;57.06
8;20.2;56.4
2;20.2;55.81
3;20.2;55.55
2;20.2;55.31
1;20.2;55.09
2;20.2;51.06
2;20.2;50.27
2;20.19;61.4
1;20.19;57.29
2;20.19;55.31
1;20.19;55.07
1;20.19;54.49
3;20.19;52.53
3;20.19;52.53
2;20.18;61.51
3;20.18;58.86
4;20.18;54.86
1;20.17;66.69
1;20.17;64.63
3;20.17;61.3
2;20.17;60.22
5;20.17;59.44
7;20.17;59.04
1;20.17;58.76
2;20.17;58.38
6;20.17;56.89
1;20.17;55.06
9;20.17;53.73
3;20.16;59.96
1;20.16;55.36
2;20.16;55.06
5;20.16;53.65
3;20.16;51.95
3;20.16;51.95
5;20.16;51.35
1;20.15;59.9
5;20.15;57.19
3;20.15;55.45
3;20.15;55.45
6;20.15;50.27
3;20.14;55.49
2;20.14;53.97
7;20.14;53.41
2;20.13;68.59
1;20.13;67.9
1;20.13;64.45
1;20.13;63.34
1;20.13;63.32
1;20.13;61.94
1;20.13;61.45
1;20.13;58.89
3;20.13;53.77
2;20.13;51.49
2;20.12;61.62
2;20.12;61.62
5;20.12;57.27
2;20.12;57.23
1;20.12;56.44
1;20.12;56.19
2;20.12;55.74
2;20.12;53.53
2;20.12;53.03
6;20.11;60.15
6;20.11;60.15
10;20.11;59.74
2;20.11;55.78
1;20.11;55.74
2;20.11;54.66
3;20.11;53.63
6;20.11;51.31
2;20.1;65.79
2;20.1;65.79
2;20.1;65.26
5;20.1;61.92
1;20.1;61.3
4;20.1;59.5
2;20.1;58.41
2;20.1;58.35
2;20.1;53.61
3;20.1;53.23
7;20.1;52.82
3;20.1;52.28
6;20.1;51.13
6;20.1;51.13
4;20.09;58.49
5;20.09;57.66
7;20.09;56.51
2;20.09;52.9
4;20.09;52.02
4;20.09;51.66
2;20.09;50.6
1;20.08;59.07
2;20.08;56.29
6;20.08;55.3
3;20.08;53.3
2;20.08;52.07
3;20.08;51.89
3;20.08;51.48
4;20.07;67.86
2;20.07;63.63
4;20.07;62.81
3;20.07;61.74
1;20.07;61.04
6;20.07;59.2
1;20.07;56.96
2;20.07;55.62
5;20.07;52.65
2;20.07;51.19
4;20.06;59.39
1;20.06;58.98
1;20.06;58.98
4;20.06;56.6
6;20.06;53.04
2;20.06;51.89
5;20.05;58.47
1;20.05;56.69
1;20.05;56.69
1;20.05;53.37
1;20.05;53.37
7;20.05;52.99
4;20.04;59.39
2;20.04;58.18
3;20.04;57.4
4;20.04;56.81
1;20.04;55.53
5;20.04;55.28
9;20.04;52.2
6;20.03;68
5;20.03;67.26
3;20.03;66.55
6;20.03;66.23
6;20.03;66.23
2;20.03;65.4
3;20.03;64.56
3;20.03;64.56
4;20.03;62.04
7;20.03;61.35
6;20.03;60.52
6;20.03;60.52
2;20.03;59.81
10;20.03;58.57
4;20.03;53.81
1;20.03;53.43
5;20.02;56.46
5;20.02;56.46
4;20.02;55.31
6;20.02;54.76
2;20.02;53.33
1;20.02;52.04
5;20.02;50.75
4;20.01;61.63
5;20.01;59.81
2;20.01;58.01
4;20.01;57.14
1;20.01;54.93
1;20.01;54.32
5;20.01;54.03
2;20;67.82
7;20;66.14
2;20;64.39
2;20;64.04
1;20;63.93
2;20;63.63
5;20;63.39
3;20;63.31
3;20;62.04
1;20;61.19
5;20;60.17
4;20;57.58
4;20;56.99
5;20;54.3
3;20;52.78
1;20;52.05
2;20;51.9
7;20;51.67
2;19.99;57.08
8;19.99;54.26
4;19.99;53.92
3;19.99;52.18
2;19.98;53.59
2;19.98;52.34
4;19.98;50.99
4;19.98;50.58
4;19.97;67.1
5;19.97;65.62
1;19.97;65.39
1;19.97;65.39
7;19.97;63.47
2;19.97;63.09
1;19.97;59.84
5;19.97;59.12
2;19.97;59.08
2;19.97;58.86
2;19.97;58.43
6;19.97;57.55
6;19.97;57.55
3;19.97;55.66
4;19.97;51.52
6;19.97;51.36
1;19.97;50.5
2;19.96;56.74
2;19.96;56.28
4;19.96;54.68
2;19.96;53.7
2;19.96;50.91
2;19.95;57.61
2;19.95;57.39
1;19.95;57.08
1;19.95;57.08
2;19.95;56.82
2;19.95;53.81
2;19.95;51.94
2;19.95;51.94
2;19.94;54.8
1;19.94;52.53
2;19.94;51.13
4;19.93;69.59
5;19.93;66.87
2;19.93;66.7
2;19.93;66.7
2;19.93;66.7
1;19.93;64.48
1;19.93;63.08
1;19.93;63.07
3;19.93;61.92
5;19.93;61.57
3;19.93;60.45
1;19.93;58.56
4;19.93;58.12
4;19.93;58.12
2;19.93;56.59
1;19.93;54.52
4;19.93;51.82
8;19.92;55.82
1;19.92;53.01
7;19.92;51.97
2;19.92;51.72
2;19.92;51.72
2;19.92;51.06
4;19.92;50.53
4;19.91;59.01
7;19.91;57.05
1;19.91;56.03
4;19.91;55.62
2;19.91;55.06
2;19.91;53.95
2;19.91;52.91
4;19.9;69.33
1;19.9;61.43
5;19.9;61.32
1;19.9;60.69
1;19.9;60.2
5;19.9;59.27
1;19.9;58.41
1;19.9;58.2
5;19.9;58.06
2;19.9;57.56
2;19.9;57.08
4;19.9;56.92
3;19.9;53.11
1;19.9;52.39
3;19.9;51.27
2;19.9;50.64
6;19.89;62.65
2;19.89;56.9
2;19.89;55.74
2;19.89;55.74
5;19.89;55.14
1;19.89;53.74
2;19.89;52.55
7;19.89;51.13
3;19.88;56.92
2;19.88;53.59
2;19.88;53.59
3;19.88;52.59
6;19.88;51.11
5;19.88;51.1
2;19.88;50.18
2;19.88;50.18
5;19.87;63.8
3;19.87;62.87
5;19.87;62.75
4;19.87;55.94
3;19.87;54.16
2;19.87;53.81
6;19.87;53.63
8;19.87;52.99
5;19.87;52.79
1;19.86;58.75
1;19.86;58.75
1;19.86;58.14
1;19.86;57.93
1;19.86;54.48
7;19.86;53.6
6;19.86;53.33
5;19.86;51.92
8;19.85;55.58
1;19.85;51.64
1;19.85;50.27
1;19.84;59.53
2;19.84;56.73
5;19.84;56.68
4;19.84;55.44
7;19.84;54.11
7;19.84;52.43
4;19.84;51.6
2;19.84;51.29
4;19.84;51.19
4;19.84;50.72
7;19.83;69.7
7;19.83;69.7
2;19.83;67.29
2;19.83;67.29
7;19.83;67.23
4;19.83;65.6
1;19.83;65.14
6;19.83;63.17
2;19.83;62.32
1;19.83;62.01
3;19.83;61.95
1;19.83;61.15
4;19.83;60.9
1;19.83;58.95
4;19.83;57.48
7;19.82;56.26
1;19.82;53.31
1;19.82;51.66
7;19.82;51.6
4;19.82;50.25
2;19.81;57.25
2;19.81;55.92
5;19.81;54.49
2;19.81;51.95
2;19.81;50.66
10;19.8;69.73
2;19.8;68.7
2;19.8;66.29
1;19.8;65.71
3;19.8;65.04
3;19.8;64.93
1;19.8;64.8
1;19.8;64.69
3;19.8;64.28
6;19.8;63.76
2;19.8;62.43
2;19.8;62.43
6;19.8;62.24
6;19.8;62.24
1;19.8;62.14
1;19.8;62.14
7;19.8;61.76
1;19.8;61.22
8;19.8;60.76
2;19.8;60.04
4;19.8;60.03
4;19.8;59.46
4;19.8;58.02
2;19.8;58.02
1;19.8;58.02
2;19.8;58.01
1;19.8;57.67
2;19.8;56.09
1;19.8;53.83
1;19.8;53.53
1;19.8;52.01
4;19.8;51.88
7;19.79;61.22
4;19.79;58.08
4;19.79;58.08
2;19.79;57.46
1;19.79;57.08
2;19.79;53.35
4;19.79;51.45
4;19.79;51.14
3;19.79;50.41
1;19.78;59.67
2;19.78;54.52
4;19.78;51.88
7;19.78;50.23
2;19.77;68.22
5;19.77;67.97
8;19.77;67.46
1;19.77;63.53
6;19.77;63.48
1;19.77;62.9
1;19.77;62.06
2;19.77;61.81
6;19.77;60.06
6;19.77;60.06
2;19.77;59.99
7;19.77;59.79
2;19.77;59.03
5;19.77;57.63
4;19.77;56.78
4;19.77;56.78
1;19.77;56.69
5;19.77;56.66
1;19.77;56.27
2;19.77;55.54
4;19.77;55.37
2;19.77;55.3
2;19.77;54.09
3;19.77;53.86
5;19.76;59.89
3;19.76;57.18
1;19.76;56.01
7;19.76;53.49
3;19.76;51.84
2;19.76;51.51
10;19.76;51.44
1;19.75;59.89
2;19.75;58.84
2;19.75;57.44
4;19.75;50.09
2;19.74;60.59
1;19.74;57.35
4;19.74;53.8
2;19.74;50.46
5;19.73;69.83
1;19.73;67.83
1;19.73;66.21
6;19.73;66.2
6;19.73;65.37
6;19.73;65.37
1;19.73;63.7
5;19.73;62.44
4;19.73;62.22
2;19.73;62.08
2;19.73;61.15
2;19.73;60.64
2;19.73;59.81
1;19.73;58.98
3;19.73;57.74
2;19.73;55.54
4;19.73;54.61
4;19.73;54.61
4;19.73;54.61
1;19.73;52.72
1;19.73;52.72
1;19.73;51.35
2;19.72;58.56
1;19.72;55.24
2;19.72;52.33
1;19.72;50.45
1;19.71;56.27
6;19.71;55.92
1;19.71;53.91
1;19.71;53.91
1;19.71;53.53
2;19.71;50.18
2;19.71;50.18
2;19.7;67.06
3;19.7;65.79
1;19.7;63.75
1;19.7;63.75
6;19.7;61.26
1;19.7;61.24
5;19.7;60.83
1;19.7;60.69
2;19.7;60.55
3;19.7;60.3
4;19.7;60.14
2;19.7;59.58
2;19.7;59.58
4;19.7;58.39
4;19.7;57.05
5;19.7;56.18
3;19.7;55.96
3;19.7;55.24
1;19.7;54.16
2;19.7;53.23
2;19.7;51.17
7;19.7;50.09
2;19.69;57.11
2;19.69;56.74
2;19.69;55.41
3;19.69;54.54
3;19.69;54.54
2;19.69;54.23
2;19.69;53.55
2;19.69;53.55
9;19.69;51.67
3;19.68;59.58
2;19.68;55.49
2;19.68;52.63
7;19.68;51.83
1;19.68;51.16
2;19.67;64.43
5;19.67;63.13
3;19.67;61.36
3;19.67;61.09
3;19.67;61.09
1;19.67;60.63
6;19.67;59.57
2;19.67;58.87
2;19.67;54.86
1;19.67;54.82
1;19.67;54.49
1;19.67;53.64
1;19.67;53.64
2;19.67;52.17
3;19.67;51.14
2;19.66;59.34
2;19.66;59.34
1;19.66;56.51
5;19.66;53.19
5;19.66;53.19
6;19.66;52.3
8;19.66;52.2
1;19.65;60.4
2;19.65;53.18
5;19.65;51.96
3;19.65;51.89
1;19.65;51.64
3;19.65;51.49
2;19.64;55.82
1;19.64;54.25
3;19.64;51.45
2;19.64;50.63
4;19.63;66.25
2;19.63;64.89
2;19.63;64.89
2;19.63;63.55
2;19.63;63.22
2;19.63;63.15
5;19.63;62.11
2;19.63;61.89
3;19.63;59.61
8;19.63;58.72
7;19.63;58.3
2;19.63;50.41
1;19.62;59.55
3;19.62;59.16
2;19.61;59.16
1;19.61;55.87
1;19.61;53.75
5;19.61;52.08
1;19.61;50.45
1;19.61;50.45
1;19.6;69.64
3;19.6;68.76
3;19.6;68.76
2;19.6;68.23
2;19.6;68.23
4;19.6;67.16
6;19.6;66.64
4;19.6;66.35
1;19.6;65.82
1;19.6;64.08
5;19.6;62.9
1;19.6;61.83
3;19.6;60.44
9;19.6;59.19
5;19.6;58.93
6;19.6;55.83
1;19.6;54.03
3;19.6;53.33
1;19.59;61.17
3;19.59;54.88
4;19.59;53.6
8;19.59;52.39
1;19.58;57.19
4;19.58;56.17
1;19.58;56.13
1;19.58;52.22
3;19.58;50.87
1;19.58;50.34
6;19.57;67.57
2;19.57;65.62
4;19.57;65.51
5;19.57;63.9
7;19.57;63.41
2;19.57;61.36
5;19.57;59.94
4;19.57;59.22
1;19.57;58.89
2;19.57;56.82
3;19.57;56.49
3;19.57;56.49
2;19.57;56.34
6;19.57;55.21
2;19.57;55.04
1;19.57;54.77
5;19.57;54.29
1;19.57;54.1
1;19.57;54.1
4;19.57;53.25
4;19.56;58.05
1;19.56;56.65
1;19.56;55.52
4;19.56;55.08
2;19.55;59.47
1;19.54;60.53
1;19.54;54.07
7;19.54;53.41
2;19.54;53.06
2;19.54;50.04
5;19.53;67.36
3;19.53;65.99
4;19.53;65.96
1;19.53;65.22
1;19.53;65.1
4;19.53;62.25
2;19.53;61.83
5;19.53;61.35
2;19.53;58.85
4;19.53;58.84
2;19.53;58.38
2;19.53;53.37
2;19.53;53.16
2;19.53;50.56
2;19.53;50.49
5;19.52;61.57
1;19.52;56.09
6;19.52;53.32
2;19.52;51.68
2;19.51;62.01
2;19.51;62.01
2;19.51;59.33
1;19.51;55.69
2;19.51;53.85
5;19.51;53.56
1;19.51;53.13
4;19.51;53.1
2;19.51;52.92
1;19.51;52.36
2;19.51;52.28
2;19.51;50.19
9;19.5;67.15
2;19.5;66.15
3;19.5;65.65
3;19.5;65.65
2;19.5;64.96
4;19.5;64.93
3;19.5;64.73
6;19.5;63.29
2;19.5;62.97
2;19.5;62.97
3;19.5;62.56
2;19.5;61.8
2;19.5;61.8
1;19.5;60.98
2;19.5;58.07
5;19.5;57.26
2;19.5;56.36
5;19.5;56.02
3;19.5;55.59
2;19.5;55.48
7;19.5;53.76
1;19.5;51.85
7;19.49;57.43
3;19.49;56.62
1;19.49;54.29
2;19.49;52.18
8;19.49;50.05
2;19.48;61.28
3;19.47;69.2
5;19.47;64.93
1;19.47;64.77
6;19.47;63.95
5;19.47;63.8
5;19.47;62.85
4;19.47;61.6
1;19.47;61.46
4;19.47;59.07
8;19.47;59.05
2;19.47;58.19
1;19.47;57.72
7;19.47;56.33
1;19.47;53.93
3;19.47;52.52
2;19.46;58.21
1;19.46;57.76
2;19.46;57.48
2;19.46;57.23
2;19.46;56.49
1;19.46;56.12
2;19.46;56.06
2;19.46;50.97
1;19.45;56.04
1;19.45;52.68
2;19.44;55.75
4;19.43;67.37
4;19.43;66.75
4;19.43;65.37
4;19.43;65.36
4;19.43;64.9
3;19.43;64.67
1;19.43;64.66
2;19.43;64.45
6;19.43;64.37
1;19.43;63.24
2;19.43;63.09
1;19.43;62.35
4;19.43;61.83
5;19.43;61.79
7;19.43;60.33
2;19.43;60.14
2;19.43;57.11
4;19.43;56.7
3;19.43;54.17
8;19.43;54.06
2;19.43;53.57
3;19.43;50.98
4;19.42;57.71
3;19.42;52.96
2;19.42;52.93
7;19.41;59.99
2;19.41;56.67
2;19.41;52.24
2;19.4;69.92
6;19.4;68.41
6;19.4;68.41
6;19.4;68.41
3;19.4;65.63
3;19.4;65.32
2;19.4;65.14
2;19.4;64.44
5;19.4;63.89
2;19.4;63.2
2;19.4;63.2
7;19.4;62.28
3;19.4;62.08
2;19.4;60.89
2;19.4;60.89
1;19.4;60.68
6;19.4;59.32
1;19.4;57.93
5;19.4;55.09
2;19.4;54.69
2;19.4;53.42
1;19.4;52.49
2;19.4;52.35
1;19.39;54.69
7;19.39;51.8
3;19.39;51.76
2;19.38;57.37
1;19.38;56.2
2;19.38;55.75
2;19.38;55.75
2;19.38;55.6
3;19.38;55.21
5;19.38;53.72
8;19.38;50.96
8;19.38;50.96
1;19.37;69.98
4;19.37;65.24
5;19.37;64.87
2;19.37;64.42
2;19.37;64.42
6;19.37;64.26
4;19.37;63.7
3;19.37;63.63
3;19.37;63.48
2;19.37;61.83
3;19.37;61.22
5;19.37;60.57
2;19.37;54.16
2;19.37;54.16
1;19.37;53.95
4;19.37;51.93
5;19.37;50.34
1;19.36;60.24
5;19.36;56.58
1;19.36;53
2;19.35;62.385
4;19.35;56.17
1;19.35;54.85
1;19.35;52.64
1;19.35;52.64
1;19.35;52.64
1;19.35;52.57
3;19.34;61.19
7;19.34;55.52
6;19.34;55.16
1;19.34;54.96
2;19.34;54.55
2;19.34;52.87
1;19.34;52.19
7;19.33;69.6
2;19.33;64.19
10;19.33;63.33
10;19.33;63.33
2;19.33;62.05
2;19.33;61.74
2;19.33;61.67
6;19.33;58.66
2;19.33;58.57
4;19.33;56.21
1;19.33;56.15
1;19.33;56.15
1;19.33;55.84
1;19.33;55.05
3;19.33;51.14
2;19.32;58.1
1;19.32;55.21
6;19.32;54.43
3;19.32;54.07
2;19.31;64.09
1;19.31;57.46
4;19.31;56.6
1;19.31;55.76
2;19.31;54.92
2;19.31;54.92
3;19.31;54.44
2;19.31;54.24
5;19.31;53.82
1;19.31;52.88
2;19.31;51.86
2;19.31;51.71
2;19.31;51.71
1;19.3;68.66
2;19.3;68.07
5;19.3;66.41
5;19.3;66.15
5;19.3;66.15
8;19.3;66.1
2;19.3;65.66
2;19.3;65.66
5;19.3;64.34
2;19.3;63.08
5;19.3;62.66
1;19.3;61.78
3;19.3;61.63
1;19.3;60.34
3;19.3;52.73
1;19.3;52.63
1;19.3;52.1
6;19.3;51.39
1;19.29;60.12
2;19.29;58.16
2;19.29;58.16
1;19.29;55.8
3;19.29;55.56
1;19.29;54.71
1;19.29;54.08
5;19.29;53.24
2;19.29;51.61
1;19.29;51.32
4;19.29;50.74
2;19.28;57.61
3;19.28;57.25
1;19.28;54.01
4;19.28;50.64
3;19.27;69.6
1;19.27;67.28
1;19.27;64.53
1;19.27;63.96
6;19.27;63.7
7;19.27;61.94
1;19.27;60.68
4;19.27;59.88
5;19.27;59.11
3;19.27;58.78
1;19.27;58.09
1;19.27;58.09
5;19.27;55.16
4;19.27;55.15
1;19.27;55.08
1;19.27;52.88
2;19.27;51.06
2;19.26;55.68
2;19.26;55.51
5;19.26;54.47
1;19.26;52.19
3;19.26;51.93
1;19.25;59.47
1;19.25;57.18
2;19.25;53.06
2;19.24;62.73
2;19.24;59.68
1;19.24;59.43
3;19.24;55.61
1;19.24;55.3
2;19.24;54.76
1;19.24;54.12
2;19.24;50.92
4;19.23;69.17
4;19.23;69.17
2;19.23;67.66
3;19.23;67.27
1;19.23;65.93
1;19.23;65.93
6;19.23;64.64
3;19.23;58.14
1;19.23;55.89
1;19.23;55.89
6;19.23;55.04
2;19.23;54.7
2;19.23;54.57
3;19.23;53.93
1;19.23;52.59
5;19.23;52.05
5;19.23;50.32
3;19.22;57.63
2;19.22;55.11
7;19.22;54.54
1;19.22;53.74
4;19.22;53.29
5;19.21;57.23
1;19.21;56.84
1;19.21;56.53
2;19.21;54.27
3;19.21;53.32
2;19.21;52.56
7;19.21;50.63
2;19.21;50.39
1;19.21;50.37
2;19.2;68.54
1;19.2;67.33
5;19.2;67.27
3;19.2;67.23
4;19.2;66.29
4;19.2;66.13
2;19.2;65.82
2;19.2;65.14
5;19.2;64.78
4;19.2;63.68
6;19.2;62.68
1;19.2;62.29
4;19.2;62.1
3;19.2;60.64
1;19.2;60.22
2;19.2;57.66
1;19.2;57.42
1;19.2;56.92
2;19.2;55.54
2;19.2;55.54
1;19.2;55.29
4;19.2;54.86
2;19.2;54.26
2;19.2;54.05
1;19.2;53.99
1;19.2;50.47
6;19.2;50.45
4;19.2;50.44
7;19.19;55.21
5;19.19;55.1
3;19.19;52.64
2;19.19;50.82
3;19.18;57.02
2;19.18;56.05
1;19.18;55.65
2;19.18;54.55
2;19.18;54.55
2;19.18;54.32
2;19.18;52.55
3;19.17;66.63
4;19.17;65.87
6;19.17;65.64
2;19.17;65.13
1;19.17;64.83
4;19.17;63.79
5;19.17;63.45
2;19.17;61.76
2;19.17;61.76
2;19.17;61.76
1;19.17;61.23
2;19.17;59.33
4;19.17;58.11
5;19.17;57.55
7;19.17;57.26
1;19.17;55.11
2;19.17;54.89
3;19.17;54.68
2;19.17;53.77
4;19.17;51.73
3;19.17;50.6
2;19.16;56.96
3;19.16;56.28
1;19.16;55.38
1;19.16;55.38
3;19.16;54.83
2;19.16;54.33
3;19.16;53.38
5;19.15;58.71
9;19.15;56.12
3;19.15;55.05
3;19.15;53.94
2;19.15;52.25
1;19.15;52.06
5;19.14;61.41
2;19.14;57.78
2;19.14;55.66
6;19.14;53.93
3;19.14;53.64
4;19.14;53.49
2;19.14;53.4
2;19.14;52.63
1;19.14;52.15
2;19.14;51.85
4;19.13;66.1
2;19.13;65.38
2;19.13;65.38
5;19.13;65.14
6;19.13;63.71
6;19.13;63.71
2;19.13;63.52
2;19.13;62.4
7;19.13;61.39
2;19.13;61.22
2;19.13;61.22
2;19.13;61.22
7;19.13;60.92
7;19.13;60.92
3;19.13;58.9
1;19.13;58.07
1;19.13;58.07
2;19.13;57.36
2;19.13;56.87
1;19.13;56.74
2;19.13;53.56
5;19.12;59.78
2;19.12;59.07
1;19.12;55.25
6;19.12;55.22
2;19.12;54.87
5;19.12;53.69
2;19.12;53.23
3;19.12;52.41
2;19.12;50.82
2;19.11;60.48
4;19.11;56.66
1;19.11;54.78
2;19.11;50.68
2;19.11;50.16
4;19.1;66.37
3;19.1;66.13
8;19.1;65.02
4;19.1;64.72
4;19.1;64.72
1;19.1;63.96
3;19.1;63.53
7;19.1;62.93
5;19.1;62.82
2;19.1;62.76
5;19.1;62.37
4;19.1;61.98
7;19.1;61.23
2;19.1;60.93
2;19.1;60.71
3;19.1;59.78
3;19.1;59.72
2;19.1;59.05
1;19.1;56.86
4;19.1;54.86
1;19.1;54.64
4;19.1;53.66
4;19.1;53.48
3;19.1;52.75
3;19.1;51.17
2;19.1;50.92
2;19.1;50.92
1;19.09;54.82
2;19.09;53.42
2;19.09;52.28
1;19.09;50.98
2;19.08;58.49
2;19.08;56.78
1;19.08;55.24
2;19.08;55
1;19.08;52.85
4;19.08;52.43
3;19.08;51.21
6;19.07;66.43
1;19.07;66.13
4;19.07;64.58
3;19.07;64.26
3;19.07;64.26
2;19.07;63.69
2;19.07;63.21
5;19.07;62.28
5;19.07;61.97
2;19.07;61.86
2;19.07;61.86
2;19.07;61.16
2;19.07;60.95
2;19.07;60.95
2;19.07;59.8
1;19.07;59.37
5;19.07;56.92
5;19.07;52.54
2;19.07;52.36
4;19.06;60.83
2;19.06;56.58
2;19.06;54.28
2;19.06;54.28
1;19.06;54.13
2;19.06;54.11
1;19.06;52.74
1;19.06;52.74
1;19.06;51.74
4;19.06;50.68
5;19.05;62.62
2;19.05;54.71
2;19.05;52.53
7;19.05;52.07
1;19.05;51.23
1;19.04;61.97
4;19.04;55.67
5;19.03;69.29
4;19.03;69
4;19.03;69
2;19.03;66.7
5;19.03;65.85
5;19.03;65.85
6;19.03;65.32
5;19.03;64.22
1;19.03;63.45
8;19.03;62.63
6;19.03;60.97
5;19.03;60.06
8;19.03;59.7
8;19.03;59.7
2;19.03;59.32
2;19.03;59.2
2;19.03;59.14
2;19.03;57.1
2;19.03;55.73
1;19.03;55.55
3;19.03;54.75
4;19.03;53.53
1;19.03;51.5
3;19.02;56.6
2;19.02;56.04
2;19.02;54.15
2;19.02;53.62
1;19.02;53.42
2;19.01;56.82
2;19.01;55.82
2;19.01;54.77
1;19.01;54.5
3;19.01;54.43
5;19.01;54.07
5;19.01;54.07
7;19.01;52.52
4;19;69.56
2;19;69.12
4;19;67.9
3;19;66.41
2;19;66.11
1;19;65.66
5;19;65.39
8;19;65.09
1;19;64.04
1;19;64.04
4;19;64.01
1;19;62.92
1;19;62.09
1;19;60.91
8;19;58.57
8;19;58.57
7;19;57.61
3;19;56.26
2;19;55.36
2;19;55.14
2;19;54.43
2;19;54.26
7;19;54.17
4;19;53.93
6;19;53.36
6;19;53.36
9;18.99;57.39
6;18.99;56.82
6;18.99;56.82
2;18.99;56.14
2;18.99;56.14
1;18.99;53.38
1;18.99;52.4
1;18.99;52.25
3;18.99;51.89
2;18.99;51.73
2;18.99;51.42
2;18.99;51.35
4;18.98;50.46
4;18.98;50.15
3;18.97;65.11
1;18.97;64.47
7;18.97;63.32
2;18.97;62.37
1;18.97;61.94
6;18.97;61.26
2;18.97;60.09
1;18.97;60.05
1;18.97;57.04
2;18.97;55.7
8;18.97;55.39
6;18.97;53.36
3;18.97;52.83
2;18.97;52.65
2;18.96;56.49
3;18.96;56.44
2;18.96;55.91
2;18.96;55.21
6;18.96;54.53
2;18.96;54.02
3;18.96;51.31
2;18.96;50.07
2;18.95;58.5
2;18.95;58.5
2;18.95;54.93
1;18.95;54.84
6;18.95;53.24
2;18.94;59.84
2;18.94;54.47
3;18.93;69.44
1;18.93;64.75
5;18.93;64.63
8;18.93;64.5
7;18.93;64.34
8;18.93;64.22
2;18.93;63.47
1;18.93;63.46
2;18.93;63.44
2;18.93;62.75
3;18.93;62.45
2;18.93;62.03
6;18.93;61.89
7;18.93;60.45
6;18.93;59.83
6;18.93;59.83
4;18.93;59.61
2;18.93;58.39
2;18.93;57.78
2;18.93;57.78
4;18.93;57.58
2;18.93;55.63
7;18.93;54.19
6;18.93;51.38
2;18.92;56.56
2;18.92;55.47
4;18.92;50.71
1;18.91;56.54
6;18.91;55.49
2;18.91;53.61
1;18.91;53.02
2;18.91;51.13
7;18.91;50.94
4;18.9;69.97
1;18.9;69.45
4;18.9;68.44
5;18.9;65.64
1;18.9;65.12
1;18.9;64.88
2;18.9;63.66
2;18.9;63.27
2;18.9;63.22
2;18.9;62.91
5;18.9;62.88
5;18.9;62.25
8;18.9;62.06
1;18.9;61.67
2;18.9;60.84
2;18.9;60.34
3;18.9;60.18
6;18.9;59.88
1;18.9;59.84
1;18.9;58.42
3;18.9;55.93
2;18.9;54.86
2;18.9;54.28
1;18.9;52.13
2;18.9;51.7
1;18.9;51.56
2;18.9;50.7
1;18.9;50.68
2;18.89;57.38
5;18.89;55.22
3;18.89;52.57
2;18.89;51.9
4;18.89;50.12
5;18.88;61.06
1;18.88;59.08
2;18.88;57.43
2;18.88;55.31
1;18.88;54.82
2;18.88;51.96
2;18.88;51.16
5;18.88;50.8
2;18.88;50.37
1;18.87;69.79
1;18.87;67.61
1;18.87;66.63
7;18.87;65.79
2;18.87;63.05
7;18.87;63.05
4;18.87;63.01
5;18.87;62.35
2;18.87;61.54
2;18.87;61.16
1;18.87;60.74
4;18.87;57.46
2;18.87;57.18
2;18.87;56.82
4;18.87;55.08
1;18.87;53.98
1;18.87;53.98
1;18.87;53.98
6;18.87;51.7
2;18.86;61.54
1;18.86;61.18
1;18.86;59.42
3;18.86;58.37
2;18.86;58.34
6;18.86;55.74
3;18.86;53.43
2;18.86;52.62
2;18.86;52.57
1;18.85;63.22
4;18.85;58.76
4;18.85;58.76
1;18.85;57.26
2;18.85;56.43
2;18.85;56.43
2;18.85;54.16
1;18.85;53.87
3;18.85;51.43
1;18.84;60.38
1;18.84;58.32
3;18.84;53.71
1;18.84;51.66
1;18.84;51.66
1;18.83;69.29
4;18.83;69.03
3;18.83;67.99
4;18.83;67.92
2;18.83;66.67
3;18.83;65.11
5;18.83;64.73
5;18.83;63.1
3;18.83;63.05
2;18.83;62.71
1;18.83;62.68
5;18.83;62.66
3;18.83;62.14
1;18.83;62.14
2;18.83;62.08
4;18.83;61.55
9;18.83;61.42
2;18.83;61.28
8;18.83;60.67
3;18.83;60.39
6;18.83;58.14
6;18.83;58.14
4;18.83;56.13
1;18.83;56.04
1;18.83;55.24
2;18.83;53.85
8;18.83;53.3
2;18.83;53.2
2;18.83;52
3;18.82;58.9
1;18.82;56.83
1;18.82;56.57
5;18.82;54.32
5;18.82;54.32
2;18.81;57.9
1;18.81;57.66
3;18.81;56.85
3;18.81;56.85
2;18.81;55.74
4;18.81;55.61
2;18.81;55.45
6;18.81;55.24
2;18.81;54.61
2;18.81;54.61
2;18.81;54.55
2;18.81;54.55
3;18.81;52.72
2;18.81;52.68
3;18.8;69.04
5;18.8;68.36
2;18.8;68.26
2;18.8;68.26
5;18.8;67.96
3;18.8;67.94
5;18.8;66.9
5;18.8;66.9
6;18.8;65.82
2;18.8;65.32
3;18.8;63.33
4;18.8;63.21
1;18.8;62.97
2;18.8;62.08
2;18.8;60.02
2;18.8;59.88
2;18.8;59.88
2;18.8;58.92
1;18.8;56.41
1;18.8;56.41
5;18.8;55.94
5;18.8;55.24
2;18.8;54.92
1;18.8;53.78
1;18.8;51.14
2;18.79;58.02
2;18.79;58.02
2;18.79;54.78
4;18.79;53.26
2;18.78;57.5
3;18.78;53.93
1;18.78;52.99
4;18.77;68.62
1;18.77;66.86
2;18.77;66.4
6;18.77;66.2
2;18.77;66.1
3;18.77;65.65
1;18.77;65.52
7;18.77;64.91
1;18.77;61.42
1;18.77;60.78
1;18.77;59.91
2;18.77;56.53
2;18.77;56.07
2;18.77;56.07
5;18.77;55.48
7;18.77;54.98
2;18.77;53.63
2;18.77;52.16
2;18.76;58.47
2;18.76;58.47
1;18.76;56.76
2;18.76;55.76
2;18.76;55.76
4;18.76;55.69
2;18.76;53.01
1;18.76;52.15
6;18.76;52.01
9;18.75;57.44
6;18.75;55.01
1;18.75;54.24
3;18.75;50.71
2;18.75;50.56
2;18.74;66.16
3;18.74;53.81
1;18.74;53.22
9;18.74;53.17
1;18.73;67.9
1;18.73;66.37
2;18.73;64.72
2;18.73;64.39
6;18.73;63.34
2;18.73;62.89
3;18.73;62.19
6;18.73;60.77
1;18.73;60.59
2;18.73;60.39
5;18.73;59.11
3;18.73;59.06
1;18.73;57.27
1;18.73;57.27
1;18.73;55.83
2;18.73;54.87
3;18.73;54.63
3;18.73;54.63
3;18.73;53.63
2;18.73;53.32
2;18.73;53.32
2;18.73;52.99
6;18.73;52.83
1;18.73;51.62
3;18.72;61
1;18.72;59.79
2;18.72;58.68
2;18.72;54.44
2;18.72;51.47
1;18.71;59.37
2;18.71;59.24
2;18.71;59.08
2;18.71;58.36
5;18.71;57.11
2;18.71;54.17
4;18.71;53.39
3;18.71;53.09
2;18.71;51.48
1;18.7;69.45
4;18.7;68.57
1;18.7;67.53
1;18.7;67.28
9;18.7;67.02
4;18.7;66.45
1;18.7;65.65
3;18.7;64.47
1;18.7;63.66
5;18.7;63.28
5;18.7;63.09
6;18.7;61.96
1;18.7;61.86
4;18.7;61.64
2;18.7;61.6
2;18.7;61.6
8;18.7;61.5
5;18.7;61.42
4;18.7;61.24
4;18.7;61.24
6;18.7;61.22
7;18.7;60.93
1;18.7;60.85
2;18.7;60.78
1;18.7;59.12
1;18.7;58.44
6;18.7;57.31
2;18.7;56.58
4;18.7;55.55
5;18.7;54.51
1;18.7;54.17
4;18.7;51.65
2;18.69;58.87
2;18.69;55.33
2;18.69;55.21
4;18.69;53
2;18.69;52.84
2;18.69;52.39
1;18.69;51.22
1;18.69;50.56
1;18.68;58.1
1;18.68;58.1
2;18.68;52.64
2;18.68;50.21
2;18.67;69.33
2;18.67;68.82
6;18.67;68.03
2;18.67;66.23
6;18.67;65.71
1;18.67;65.4
8;18.67;64.68
1;18.67;63.86
4;18.67;63.06
2;18.67;62.89
1;18.67;62.07
2;18.67;61.83
2;18.67;61.83
6;18.67;61.8
5;18.67;61.59
5;18.67;61.59
5;18.67;60.78
2;18.67;60.71
2;18.67;60.5
2;18.67;60.5
2;18.67;60.5
1;18.67;60.11
2;18.67;59.18
2;18.67;58.32
2;18.67;57.75
5;18.67;57.26
7;18.67;56
3;18.67;55.93
1;18.67;55.89
3;18.67;55.4
2;18.67;53.18
3;18.66;61.52
1;18.66;59.17
1;18.66;59.17
2;18.66;55.22
2;18.66;55.22
1;18.66;54.78
4;18.66;54.36
2;18.66;53.37
10;18.65;60.21
2;18.65;57.53
1;18.65;50.25
3;18.64;56.13
8;18.64;54.68
8;18.64;54.5
2;18.64;52.89
2;18.64;52.68
1;18.64;50.31
6;18.63;69.04
7;18.63;67.26
10;18.63;66.02
1;18.63;64.95
1;18.63;64.95
6;18.63;64.82
3;18.63;63.97
3;18.63;63.97
3;18.63;63.73
6;18.63;63.49
6;18.63;63.49
4;18.63;63.2
3;18.63;60.88
3;18.63;60.64
4;18.63;60.46
3;18.63;59.93
3;18.63;59.22
3;18.63;58.77
3;18.63;58.57
2;18.63;58.52
1;18.63;57.21
1;18.63;57.21
8;18.63;56.8
5;18.63;56.63
7;18.63;56.54
7;18.63;56.54
2;18.63;56.13
1;18.63;55.01
1;18.63;54.95
1;18.63;53.92
1;18.63;53.92
1;18.63;53.92
1;18.63;52.61
1;18.63;52.51
4;18.63;50.86
3;18.63;50.24
3;18.62;55.07
2;18.62;54.03
2;18.62;53.31
2;18.62;53.31
2;18.62;53.31
1;18.61;56.4
1;18.61;56.4
1;18.61;56.35
2;18.61;55.51
2;18.61;55.51
1;18.61;54.37
1;18.61;54.37
3;18.61;53.67
2;18.61;52
2;18.61;50.16
6;18.6;67.3
3;18.6;66.9
3;18.6;65.21
1;18.6;64.52
5;18.6;64.49
1;18.6;64.44
5;18.6;64.44
5;18.6;64.19
4;18.6;64.15
1;18.6;62.91
1;18.6;62.64
8;18.6;62.03
3;18.6;61.92
3;18.6;60.97
3;18.6;60.97
4;18.6;60.84
1;18.6;60.77
1;18.6;59.58
4;18.6;58.96
6;18.6;58.79
2;18.6;58.47
1;18.6;56.59
1;18.6;56.59
1;18.6;56.4
1;18.6;55.89
1;18.6;55.89
1;18.6;55.06
4;18.6;54.8
2;18.6;54.15
2;18.6;53.52
2;18.6;50.97
2;18.6;50.97
7;18.59;58.99
2;18.59;57.48
1;18.59;57.4
1;18.59;57.21
3;18.59;55.15
2;18.59;53.13
2;18.58;55.35
3;18.58;53.3
3;18.58;50.82
1;18.58;50.49
2;18.58;50.49
1;18.57;66.12
1;18.57;65.42
1;18.57;64.91
6;18.57;64.8
4;18.57;64.44
3;18.57;64.08
5;18.57;64.03
3;18.57;63.58
6;18.57;63.48
2;18.57;61.67
5;18.57;61.61
5;18.57;61.43
5;18.57;60.67
4;18.57;60.37
4;18.57;60.37
2;18.57;59.89
1;18.57;57.16
2;18.57;57.02
1;18.57;56.86
6;18.57;56.57
3;18.57;56.19
1;18.57;53.59
2;18.57;52.49
2;18.56;60.9
1;18.56;55.77
7;18.56;55.72
2;18.56;55.27
1;18.56;54.63
1;18.56;54.63
1;18.56;54.63
1;18.56;54.55
4;18.56;54.4
5;18.56;54.12
3;18.56;51.83
2;18.55;58.61
3;18.55;57.45
2;18.55;55.11
2;18.55;53.34
1;18.54;57.68
6;18.54;57.13
2;18.54;56.62
1;18.54;54.71
2;18.54;54.02
2;18.53;65.91
2;18.53;64.57
5;18.53;62.92
2;18.53;61.85
1;18.53;60.81
1;18.53;60.8
1;18.53;60.8
1;18.53;60.78
5;18.53;60.44
2;18.53;59.86
1;18.53;58.52
2;18.53;58.45
2;18.53;56.62
2;18.53;56.34
1;18.53;55.76
1;18.53;55.43
2;18.53;55.2
2;18.53;53.9
2;18.53;53.9
5;18.53;52.75
3;18.53;51.39
1;18.52;60.07
1;18.52;58.14
2;18.52;54.86
4;18.52;53.29
2;18.52;52.93
7;18.52;52.52
1;18.52;51.61
3;18.52;51.3
1;18.52;51.21
2;18.51;57.62
1;18.51;56.63
2;18.51;56.48
2;18.51;56.48
2;18.51;56.2
1;18.51;55.9
3;18.51;55.7
4;18.51;54.3
2;18.51;54.19
2;18.51;54.06
2;18.51;53.46
2;18.51;53.46
1;18.51;52.48
3;18.5;69.73
3;18.5;67.3
6;18.5;66.5
2;18.5;65.02
3;18.5;63.76
5;18.5;63.56
2;18.5;62.97
2;18.5;62.74
2;18.5;62.74
3;18.5;62.57
3;18.5;62.29
2;18.5;61.77
5;18.5;61.22
1;18.5;60.05
3;18.5;59.53
2;18.5;57.82
3;18.5;57.08
1;18.5;56.63
2;18.5;56.55
2;18.5;56.55
1;18.5;56.12
3;18.5;54.86
2;18.5;53.73
2;18.5;53.73
1;18.5;51.82
1;18.5;50.81
1;18.49;58.49
2;18.49;57.42
3;18.49;56.24
4;18.49;53.47
1;18.49;52.3
1;18.49;52.15
2;18.49;51.52
4;18.49;51.39
1;18.48;58.43
6;18.48;57.84
4;18.48;56.33
4;18.48;53.85
2;18.48;53.75
2;18.48;53.7
4;18.48;53.27
2;18.48;50.13
3;18.47;69.83
6;18.47;67.55
6;18.47;67.14
5;18.47;66.95
5;18.47;66.11
2;18.47;65.39
2;18.47;65.39
1;18.47;63.69
2;18.47;63.48
2;18.47;63.48
2;18.47;62.84
1;18.47;62.2
2;18.47;61.15
2;18.47;58.69
2;18.47;56.54
2;18.47;56.54
2;18.47;55.67
6;18.47;54.83
1;18.47;53.36
4;18.47;50.92
2;18.47;50.74
2;18.47;50.34
1;18.46;53.81
2;18.46;52.27
1;18.45;56.05
2;18.45;50.5
2;18.45;50.23
2;18.44;60.03
1;18.44;57.36
1;18.44;55.14
2;18.44;54.74
1;18.44;54.61
1;18.44;54.4
2;18.44;52.74
2;18.44;51.72
7;18.44;51.26
5;18.44;50.99
5;18.43;68.62
5;18.43;67.71
5;18.43;66.11
2;18.43;65.28
2;18.43;64.36
7;18.43;63.94
7;18.43;63.09
3;18.43;62.98
1;18.43;62.47
4;18.43;62.04
6;18.43;61.87
4;18.43;61.57
9;18.43;61.54
2;18.43;60.27
3;18.43;59.36
6;18.43;59.25
4;18.43;54.43
2;18.43;54.34
2;18.43;54.34
2;18.43;53.72
7;18.43;52.75
2;18.43;50.99
7;18.43;50.67
1;18.42;62.25
1;18.42;57.64
3;18.42;57.34
6;18.42;57.05
2;18.42;55.61
2;18.42;55.45
2;18.42;55.45
4;18.42;54.7
1;18.42;54.19
1;18.42;54.19
2;18.42;51.74
5;18.42;51.66
1;18.42;50.82
2;18.42;50.44
1;18.42;50.11
2;18.41;59.16
1;18.41;57.23
3;18.41;57.02
2;18.41;56.76
3;18.41;55.65
1;18.41;55.62
2;18.41;55.56
2;18.41;54.77
1;18.41;53.69
1;18.41;52.88
1;18.41;52.88
2;18.41;50.9
3;18.41;50.8
2;18.4;69.54
3;18.4;65.75
5;18.4;64.57
2;18.4;64.55
2;18.4;64.55
2;18.4;64.08
3;18.4;63.94
2;18.4;63.61
1;18.4;63.42
2;18.4;62.92
1;18.4;62.82
6;18.4;62.51
5;18.4;61.98
2;18.4;61.55
2;18.4;61.55
6;18.4;60.87
6;18.4;60.43
2;18.4;59.84
1;18.4;58.98
5;18.4;57.74
1;18.4;57.16
2;18.4;56.49
8;18.4;55.91
1;18.4;55.16
4;18.4;54.53
2;18.4;54.23
3;18.4;54.13
3;18.4;54.13
5;18.4;52.67
5;18.4;51.95
2;18.39;57.95
2;18.39;57.95
1;18.39;56.09
4;18.39;55.87
3;18.39;54.31
8;18.39;53.06
2;18.39;50.27
7;18.39;50.17
2;18.38;58.27
1;18.38;56.56
1;18.38;55.85
2;18.38;55.53
1;18.38;54.91
8;18.38;54.6
3;18.38;54.28
2;18.38;52.86
5;18.37;69.85
6;18.37;69.04
1;18.37;67.56
1;18.37;66.35
1;18.37;64.83
4;18.37;64.25
2;18.37;63.18
2;18.37;62.45
2;18.37;62.13
8;18.37;61.8
3;18.37;60.03
1;18.37;59.52
6;18.37;58.98
6;18.37;58.98
5;18.37;57.32
7;18.37;55.82
5;18.37;55.69
1;18.37;53.36
7;18.36;58.3
2;18.36;58.18
1;18.36;55.14
1;18.36;54.93
2;18.36;52.89
2;18.36;52.86
7;18.36;52.21
2;18.36;51.35
1;18.35;60.27
1;18.35;57.65
2;18.35;53.59
2;18.35;52
1;18.35;51.43
1;18.35;51.43
1;18.34;58.57
4;18.34;56.68
4;18.34;56.68
4;18.34;54.71
7;18.34;54.7
2;18.34;53.59
1;18.34;52.71
8;18.34;50.92
2;18.33;68.07
1;18.33;67.06
4;18.33;66.19
5;18.33;66.15
8;18.33;65.62
2;18.33;65.37
2;18.33;64.45
4;18.33;62.14
6;18.33;62.01
1;18.33;61.98
5;18.33;61.89
5;18.33;61.89
4;18.33;59.53
4;18.33;59.37
2;18.33;58.39
1;18.33;58.03
3;18.33;53.71
7;18.33;52.67
3;18.33;52.41
6;18.32;57.3
1;18.32;55.09
2;18.32;53.48
5;18.32;53.43
2;18.32;52.2
2;18.32;52.2
1;18.31;61.24
1;18.31;58.71
1;18.31;57.73
4;18.31;57.72
3;18.31;57.4
3;18.31;56.71
2;18.31;54.32
2;18.31;53.13
6;18.31;52.03
1;18.31;51.72
1;18.31;50.87
2;18.3;68.94
6;18.3;66.93
7;18.3;65.55
1;18.3;65.51
2;18.3;65.38
2;18.3;65.38
6;18.3;64.91
4;18.3;64.36
5;18.3;63.75
1;18.3;63.42
6;18.3;63.26
3;18.3;63.23
1;18.3;63
1;18.3;63
5;18.3;61.44
6;18.3;61.31
3;18.3;60.84
2;18.3;60.8
6;18.3;60.52
3;18.3;58.69
2;18.3;58.23
2;18.3;58.12
1;18.3;57.67
6;18.3;57.32
1;18.3;57.08
2;18.3;56.82
1;18.3;55.87
2;18.3;54.19
3;18.3;52.74
1;18.3;52.48
1;18.29;57.7
1;18.29;57.7
2;18.29;55.96
1;18.29;53.44
2;18.28;54.3
6;18.27;69.98
2;18.27;69.68
2;18.27;69.68
1;18.27;68.83
1;18.27;68.83
2;18.27;68.6
2;18.27;68.6
2;18.27;67.08
3;18.27;66.85
1;18.27;66.44
2;18.27;65.91
1;18.27;65.54
8;18.27;65.28
8;18.27;65.28
2;18.27;65.24
2;18.27;65.22
2;18.27;64.92
6;18.27;64.64
5;18.27;64.52
5;18.27;64.52
2;18.27;64.44
2;18.27;64.24
2;18.27;64.24
2;18.27;62.63
8;18.27;61.65
1;18.27;60.87
5;18.27;58.76
5;18.27;58.76
4;18.27;57.2
2;18.27;53.87
1;18.27;53.25
4;18.27;53.15
1;18.27;53.03
4;18.26;57.22
2;18.26;55.66
2;18.26;55.66
2;18.26;55.3
2;18.26;55.3
1;18.26;53.81
2;18.26;53.73
5;18.26;51.99
1;18.25;60.25
3;18.25;55.66
2;18.25;55.46
2;18.25;55.46
6;18.25;54.4
6;18.25;54.4
1;18.25;53.47
1;18.25;53.46
1;18.25;52.19
6;18.25;51.46
2;18.24;58.33
2;18.24;55.03
2;18.24;54.79
1;18.24;53.18
1;18.24;51.78
3;18.23;68.94
2;18.23;68.52
2;18.23;68.52
1;18.23;66.2
6;18.23;66.18
2;18.23;65.89
1;18.23;65.65
2;18.23;65.47
2;18.23;65.47
1;18.23;65.46
1;18.23;65.46
2;18.23;64.58
1;18.23;64.52
4;18.23;63.78
4;18.23;63.78
2;18.23;63.4
1;18.23;63.18
1;18.23;63.18
3;18.23;62.92
5;18.23;61.67
4;18.23;61.6
4;18.23;61.01
1;18.23;60.74
2;18.23;60.69
2;18.23;60.69
5;18.23;60.28
2;18.23;60.18
3;18.23;59.22
3;18.23;59.01
4;18.23;58.56
1;18.23;57.94
1;18.23;57.16
2;18.23;54.94
2;18.23;54.94
6;18.23;54.01
2;18.23;53.44
1;18.23;53.37
3;18.22;62.31
2;18.22;51.56
4;18.21;59.6
1;18.21;58.71
1;18.21;57.11
2;18.21;56.59
1;18.21;52.24
2;18.2;69.92
2;18.2;69.92
7;18.2;69
7;18.2;69
8;18.2;67.89
4;18.2;67.5
8;18.2;66.99
2;18.2;66.64
8;18.2;66.11
8;18.2;66.11
2;18.2;65.74
2;18.2;65.33
2;18.2;65.33
1;18.2;65.24
1;18.2;65.14
2;18.2;64.79
2;18.2;64.79
4;18.2;64.53
2;18.2;64.24
1;18.2;63.91
6;18.2;63.82
2;18.2;63.6
1;18.2;63.13
3;18.2;62.98
1;18.2;62.96
2;18.2;62.86
2;18.2;62.82
4;18.2;62.45
5;18.2;62.22
1;18.2;62.12
2;18.2;61.83
5;18.2;60.88
4;18.2;60.71
4;18.2;60.61
4;18.2;60.61
1;18.2;60.52
1;18.2;60.36
10;18.2;59.81
2;18.2;58.67
2;18.2;56.8
5;18.2;56.59
7;18.2;56.46
1;18.2;55.89
2;18.2;54.4
2;18.2;51.08
2;18.2;50.83
2;18.19;60.01
5;18.19;55.34
8;18.19;51.28
4;18.17;69.39
1;18.17;67.88
3;18.17;67.78
2;18.17;67.75
2;18.17;67.75
2;18.17;67.33
3;18.17;66.95
4;18.17;66.08
3;18.17;65.9
7;18.17;65.85
3;18.17;65.64
8;18.17;64.75
7;18.17;64.31
2;18.17;63.79
2;18.17;63.49
2;18.17;63.49
5;18.17;63.29
4;18.17;62.79
2;18.17;61.74
1;18.17;61.11
6;18.17;60.57
2;18.17;59.89
2;18.17;59.89
2;18.17;59.89
3;18.17;59.59
9;18.17;58.6
1;18.17;57.87
3;18.17;56.9
2;18.17;54.47
2;18.17;54.47
4;18.17;53.33
2;18.17;51.75
1;18.17;51.45
7;18.17;51.09
2;18.16;55.81
2;18.16;55.81
2;18.16;55.81
1;18.16;55.63
8;18.16;55.25
1;18.16;54.62
1;18.16;54.62
1;18.16;54.57
2;18.16;53.24
1;18.16;53.23
2;18.16;52.13
2;18.16;51.91
2;18.16;51.91
2;18.16;50.62
2;18.15;62.27
2;18.15;62.27
7;18.15;60.59
4;18.15;60.03
1;18.15;57.41
1;18.15;54.82
1;18.15;54.82
2;18.14;58.51
2;18.14;58.51
3;18.14;57.49
2;18.14;56.13
3;18.14;55.81
3;18.14;54.95
5;18.14;53.73
1;18.14;53.62
3;18.14;53.36
1;18.14;52.64
1;18.14;52.5
2;18.14;51.04
2;18.14;50.76
2;18.14;50.63
4;18.13;69.62
2;18.13;69.03
3;18.13;66.79
1;18.13;66.58
2;18.13;65.31
4;18.13;64.94
2;18.13;64.52
1;18.13;64.31
1;18.13;63.38
5;18.13;62.43
1;18.13;61.93
1;18.13;61.93
2;18.13;61.74
6;18.13;61.27
5;18.13;59.7
4;18.13;59.27
1;18.13;58.94
7;18.13;57.9
3;18.13;57.54
5;18.13;56.86
9;18.13;56.8
3;18.13;56.47
1;18.13;55.99
3;18.13;54.37
1;18.12;56.69
5;18.12;51.35
1;18.11;57.18
6;18.11;55.15
10;18.11;55.13
3;18.11;55.02
3;18.11;54.88
1;18.11;54.85
1;18.11;54.72
1;18.11;54.72
1;18.11;54.27
1;18.11;51.96
1;18.11;50.31
1;18.1;69.83
5;18.1;69.12
2;18.1;68.49
1;18.1;67.7
1;18.1;67.7
2;18.1;67.66
2;18.1;66.37
4;18.1;65.99
2;18.1;65.87
1;18.1;65.7
5;18.1;65.13
5;18.1;65.13
5;18.1;65.13
9;18.1;64.42
1;18.1;63.66
2;18.1;63.49
2;18.1;63.49
1;18.1;63.23
1;18.1;63.03
1;18.1;62.77
2;18.1;62.66
2;18.1;62.66
2;18.1;61.91
2;18.1;61.81
3;18.1;61.48
2;18.1;61.15
1;18.1;60.46
2;18.1;59.92
1;18.1;59.89
3;18.1;59.29
4;18.1;58.95
2;18.1;58.61
2;18.1;58.61
2;18.1;58.61
2;18.1;58.61
5;18.1;56.9
1;18.1;56.81
1;18.1;56.74
1;18.1;56.21
8;18.1;56.01
1;18.1;55.14
4;18.1;54.33
1;18.1;53.51
3;18.1;52.65
3;18.1;51.85
3;18.1;51
2;18.1;50.74
1;18.09;63.23
1;18.09;60.02
2;18.09;59.15
1;18.09;58.52
2;18.09;55.35
1;18.09;52.11
1;18.09;50.67
2;18.09;50.64
1;18.08;58
3;18.08;55.43
1;18.08;52.55
2;18.08;50.91
2;18.08;50.74
3;18.07;69.79
5;18.07;69.48
8;18.07;67.51
2;18.07;66.15
1;18.07;65.65
2;18.07;65.45
3;18.07;64.5
6;18.07;64.13
1;18.07;63.74
5;18.07;63.64
1;18.07;63.22
1;18.07;60.77
3;18.07;60.58
2;18.07;60.19
3;18.07;59.91
5;18.07;59.74
1;18.07;59.36
4;18.07;58.84
2;18.07;57.96
6;18.07;57.44
6;18.07;57.23
6;18.07;57.23
2;18.07;55.67
2;18.07;52.77
2;18.07;52.77
2;18.07;52.77
2;18.07;51.46
2;18.06;57.86
2;18.06;57.86
1;18.06;54.14
4;18.06;53.74
2;18.06;52.73
1;18.05;56.59
2;18.05;51.61
8;18.05;50.93
2;18.04;58.25
2;18.04;55.21
1;18.04;53.07
1;18.04;51.84
2;18.04;51
4;18.03;67.6
2;18.03;65.32
2;18.03;65.32
1;18.03;65.1
8;18.03;64.68
8;18.03;64.68
1;18.03;63.83
2;18.03;63.73
1;18.03;63.43
6;18.03;60.88
1;18.03;60.37
1;18.03;59.98
4;18.03;59.09
4;18.03;57.98
2;18.03;57.55
2;18.03;57.55
1;18.03;57.23
2;18.03;57.21
3;18.03;56
1;18.03;54.74
2;18.02;64.72
2;18.02;57.49
1;18.02;55.04
2;18.02;54.46
1;18.02;51.17
2;18.02;50.83
3;18.02;50.55
1;18.01;62.6
1;18.01;56.74
1;18.01;54.76
2;18.01;54.11
2;18.01;52.84
4;18.01;50.75
4;18;67.1
1;18;65.54
2;18;65.1
2;18;64.78
2;18;64.78
5;18;62.92
4;18;62.71
5;18;62.48
2;18;62.31
1;18;61.02
2;18;60.95
2;18;60.87
2;18;60.26
2;18;59.9
4;18;59.56
1;18;59.46
1;18;59.45
2;18;58.87
2;18;58.43
2;18;57.89
2;18;57.66
2;18;57.38
2;18;57.38
2;18;57.38
1;18;57.28
6;18;56.92
6;18;56.92
2;18;56.35
2;18;56.35
2;18;56.18
4;18;55.99
3;18;54.53
6;18;53.57
2;18;52.22
2;18;51.67
5;18;50.14
2;17.99;56.81
1;17.99;56.77
1;17.99;56.77
2;17.99;54.52
2;17.99;51.13
7;17.99;50.64
1;17.98;59.93
1;17.98;59.93
2;17.98;55.13
1;17.98;54.96
3;17.98;50.08
1;17.97;67.78
2;17.97;66.26
2;17.97;66.26
2;17.97;65.35
2;17.97;65.35
1;17.97;64.55
1;17.97;64.12
2;17.97;63.47
5;17.97;63.44
1;17.97;63.4
1;17.97;63.07
3;17.97;62.89
4;17.97;62.42
5;17.97;62.29
6;17.97;61.65
2;17.97;61.22
2;17.97;61.07
3;17.97;60.66
3;17.97;60.6
2;17.97;60.57
2;17.97;60.26
1;17.97;59.32
5;17.97;58.64
3;17.97;58.52
2;17.97;57.98
8;17.97;57.96
7;17.97;57.55
1;17.97;57.32
1;17.97;57.32
3;17.97;56.52
5;17.97;56.41
5;17.97;56.35
4;17.97;55.78
3;17.97;55.3
1;17.97;54.83
4;17.97;54.35
1;17.97;52
1;17.97;51.79
7;17.97;50.82
5;17.96;60.42
2;17.96;58.39
2;17.96;53.39
5;17.96;52.18
1;17.95;64.15
6;17.95;62.05
2;17.95;56.07
2;17.95;55.68
2;17.95;55.68
1;17.95;55.17
2;17.95;52.01
1;17.94;57.45
1;17.94;55.52
4;17.94;52.92
3;17.94;52.52
1;17.94;52.12
1;17.94;51.44
2;17.94;50.24
4;17.93;67.02
1;17.93;66.94
1;17.93;66.74
2;17.93;66.46
5;17.93;66.19
4;17.93;66.03
7;17.93;65.64
1;17.93;64.63
3;17.93;64.17
2;17.93;63.52
5;17.93;63.26
5;17.93;63.26
2;17.93;62.57
6;17.93;61.81
2;17.93;61.61
8;17.93;61.49
4;17.93;61.09
2;17.93;60.97
2;17.93;60.97
1;17.93;59.68
6;17.93;59.61
2;17.93;59.04
5;17.93;58.95
4;17.93;58.29
4;17.93;58.29
4;17.93;58.29
2;17.93;57.78
2;17.93;57.63
1;17.93;57.6
1;17.93;57.3
6;17.93;56.86
5;17.93;55.72
1;17.93;55.7
5;17.93;51.04
2;17.93;50.49
2;17.92;61.06
2;17.92;55.78
2;17.92;55.78
2;17.92;53.89
2;17.92;50.28
1;17.91;57.85
1;17.91;56.87
2;17.91;54.33
1;17.91;52.24
1;17.91;50.82
3;17.9;69.45
1;17.9;68.08
1;17.9;66.5
3;17.9;66.09
1;17.9;65.89
3;17.9;65.79
3;17.9;65.79
4;17.9;65.75
1;17.9;65.33
6;17.9;65.1
1;17.9;64.73
1;17.9;64.58
3;17.9;64.5
2;17.9;63.66
4;17.9;62.23
1;17.9;61.83
1;17.9;61.83
6;17.9;59.83
5;17.9;59.56
2;17.9;59.37
1;17.9;57.8
2;17.9;56.42
2;17.9;56.42
2;17.9;56.42
2;17.9;56.41
2;17.9;56.41
3;17.9;56.13
2;17.9;55.38
1;17.9;53.57
1;17.9;53.57
2;17.9;50.95
1;17.89;58.65
3;17.89;58.42
1;17.89;57.16
1;17.89;54.61
1;17.89;53.37
1;17.89;51.58
1;17.89;51.01
1;17.88;54.77
1;17.88;54.14
7;17.88;53.81
2;17.88;52.99
2;17.88;52.29
2;17.88;52.29
2;17.88;52.29
1;17.87;69.97
1;17.87;67.3
3;17.87;66.98
3;17.87;66.98
2;17.87;66.35
3;17.87;66.13
4;17.87;66.1
2;17.87;65.48
1;17.87;65.17
5;17.87;63.66
4;17.87;63.47
2;17.87;63.02
2;17.87;62.54
4;17.87;62.15
1;17.87;61.89
6;17.87;61.75
2;17.87;61.74
1;17.87;61.6
2;17.87;61.59
4;17.87;61.07
4;17.87;61.07
1;17.87;60.45
7;17.87;60.16
2;17.87;59.98
2;17.87;59.98
2;17.87;59.92
2;17.87;59.49
2;17.87;59.49
1;17.87;58.89
6;17.87;58.04
5;17.87;58.01
2;17.87;57.79
3;17.87;57.31
5;17.87;55.81
8;17.87;55.34
8;17.87;55.34
7;17.87;54.81
2;17.87;53.34
5;17.87;53.24
1;17.86;59.08
2;17.86;57.31
1;17.86;56
2;17.86;55.46
1;17.86;55.1
4;17.85;65.16
2;17.85;58.69
3;17.85;50.58
1;17.84;56.61
2;17.84;53.57
2;17.84;50.83
2;17.83;69.39
1;17.83;69
1;17.83;68.51
4;17.83;67.87
4;17.83;66.7
2;17.83;65.97
2;17.83;65.47
3;17.83;65.1
4;17.83;64.99
2;17.83;64.56
1;17.83;64.5
1;17.83;64.05
4;17.83;63.47
4;17.83;63.47
6;17.83;62.53
2;17.83;61.03
2;17.83;61.03
1;17.83;60.75
1;17.83;60.75
2;17.83;58.23
6;17.83;57.9
2;17.83;57.84
2;17.83;57.54
2;17.83;56.65
3;17.83;55.19
2;17.83;54.83
4;17.83;54.19
1;17.83;53.64
1;17.83;53.13
1;17.83;50.6
1;17.83;50.6
4;17.82;61.55
2;17.82;58.2
6;17.82;56.5
1;17.82;55.48
1;17.82;55.1
1;17.82;52.79
2;17.82;52.43
2;17.82;52.32
1;17.82;51.71
1;17.82;50.13
2;17.81;50.87
2;17.8;69.92
2;17.8;67.41
1;17.8;66.75
1;17.8;66.69
1;17.8;66.69
1;17.8;66.69
8;17.8;66.42
1;17.8;65.87
5;17.8;65.74
4;17.8;65.61
2;17.8;65.41
2;17.8;65.09
2;17.8;64.79
1;17.8;63.78
1;17.8;63.07
3;17.8;61.68
2;17.8;61.22
4;17.8;60.58
1;17.8;60.53
3;17.8;60.05
2;17.8;59.88
6;17.8;58.65
1;17.8;57.26
4;17.8;56.92
3;17.8;56.52
1;17.8;56.51
2;17.8;56.26
1;17.8;55.06
5;17.8;54.53
1;17.8;54.51
3;17.8;53.44
1;17.79;60.67
1;17.79;57.38
1;17.79;56.88
2;17.79;56.21
2;17.79;56.21
1;17.79;55.64
4;17.79;55.49
2;17.79;55.42
1;17.79;55.22
1;17.79;53.62
3;17.79;53.5
2;17.79;52.54
2;17.79;50.66
1;17.79;50.55
1;17.79;50.55
2;17.78;54.97
1;17.78;54.76
1;17.78;54.66
1;17.78;53.63
4;17.78;53.33
1;17.78;53.32
1;17.78;51.92
6;17.77;69.58
4;17.77;69.16
4;17.77;69.11
2;17.77;67.79
2;17.77;67.33
4;17.77;66.18
2;17.77;65.8
2;17.77;64.68
3;17.77;63.17
2;17.77;63.08
5;17.77;62.75
5;17.77;62.46
5;17.77;62.46
1;17.77;61.88
1;17.77;61.88
1;17.77;61.88
4;17.77;61.34
3;17.77;61.15
2;17.77;60.44
2;17.77;60.34
5;17.77;60.23
2;17.77;59.4
2;17.77;58.65
6;17.77;58.22
4;17.77;58.16
4;17.77;58.16
3;17.77;57.35
4;17.77;57.32
4;17.77;57.3
5;17.77;57.18
4;17.77;56.57
5;17.77;56.17
2;17.77;55.47
2;17.77;55.47
2;17.77;55.16
2;17.77;54.7
6;17.77;52.36
2;17.76;57.59
3;17.76;56.05
1;17.76;55.87
1;17.76;55.87
1;17.76;55.87
2;17.76;53
1;17.76;52.12
1;17.76;50.54
2;17.75;59.34
1;17.75;56.73
5;17.75;53.89
2;17.75;52.85
2;17.75;52.16
7;17.75;50.38
1;17.74;59.92
1;17.74;59.47
1;17.74;59.47
2;17.74;58
2;17.74;57.14
1;17.74;55.71
2;17.74;55.58
1;17.73;69.97
7;17.73;67.68
5;17.73;66.93
5;17.73;66.93
2;17.73;66.14
3;17.73;65.99
3;17.73;65.66
2;17.73;63.99
1;17.73;63.89
3;17.73;63.66
5;17.73;63.12
5;17.73;60.84
5;17.73;60.84
4;17.73;60.28
7;17.73;59.86
4;17.73;59.13
2;17.73;58.64
6;17.73;57.58
3;17.73;57.15
2;17.73;56.72
2;17.73;55.62
1;17.73;54.2
1;17.73;53.44
1;17.73;53.44
2;17.73;52.25
2;17.73;51.47
4;17.72;54.63
1;17.72;53.41
1;17.72;52.69
1;17.72;51.18
2;17.72;50.13
1;17.71;58.39
1;17.71;56.17
2;17.71;55.85
8;17.71;54.62
1;17.71;54.21
2;17.71;54.14
2;17.71;54.14
2;17.71;53.86
2;17.71;53.86
1;17.71;53.37
2;17.71;52.53
2;17.71;51.86
2;17.71;51.41
5;17.71;50.75
2;17.7;69.75
1;17.7;69.04
2;17.7;68.8
1;17.7;66.14
3;17.7;65.33
1;17.7;65.18
1;17.7;65.18
3;17.7;64.31
5;17.7;64.02
1;17.7;63.82
2;17.7;63.46
1;17.7;63.37
2;17.7;63.21
3;17.7;63.15
2;17.7;62.73
6;17.7;62.48
2;17.7;61.95
2;17.7;61.94
5;17.7;61.86
5;17.7;61.86
2;17.7;61.52
4;17.7;60.37
2;17.7;59.91
5;17.7;59.07
5;17.7;59.07
5;17.7;59.07
5;17.7;58.64
5;17.7;58.64
1;17.7;57.16
3;17.7;56.85
2;17.7;55.45
5;17.7;54.93
2;17.7;53.73
5;17.7;53.57
2;17.7;53.33
3;17.7;52.39
2;17.7;52.22
1;17.7;52.17
2;17.7;51.04
3;17.69;60.09
2;17.69;59.24
4;17.69;58.15
1;17.69;55.31
1;17.69;53.32
2;17.69;50.92
1;17.68;59.32
2;17.68;55.81
1;17.68;50.36
1;17.67;68.74
6;17.67;66.37
6;17.67;66.09
4;17.67;66
2;17.67;64.89
4;17.67;64.28
5;17.67;63.47
6;17.67;62.63
1;17.67;62.46
3;17.67;62.43
3;17.67;62.43
2;17.67;62.01
5;17.67;61.76
5;17.67;61.72
2;17.67;61.58
6;17.67;61.17
2;17.67;60.82
2;17.67;60.6
2;17.67;60.6
2;17.67;60.44
2;17.67;60.44
2;17.67;60.44
2;17.67;60.44
2;17.67;60.44
7;17.67;60.2
2;17.67;57.78
1;17.67;57.11
1;17.67;55.95
2;17.67;55.04
5;17.67;54.05
4;17.67;50.74
3;17.66;59.67
1;17.66;57.68
2;17.66;57.5
3;17.66;53.46
3;17.66;53.46
1;17.66;53.46
1;17.66;52.53
2;17.65;54.25
2;17.65;53.09
2;17.65;52.48
2;17.64;59.28
1;17.64;59.27
4;17.64;55.96
1;17.64;55.56
1;17.64;55.56
8;17.64;54.06
2;17.64;53.42
2;17.64;53.42
2;17.64;53.42
1;17.64;52.95
4;17.64;52.49
6;17.64;52.37
3;17.64;50.71
2;17.63;67.27
2;17.63;66.75
2;17.63;66.75
5;17.63;64.82
2;17.63;64.26
2;17.63;63.91
4;17.63;63.3
1;17.63;63.25
2;17.63;62.66
2;17.63;62.65
5;17.63;62.43
6;17.63;62.28
6;17.63;61.44
4;17.63;61.07
4;17.63;59.58
4;17.63;59.58
8;17.63;58.79
8;17.63;58.21
2;17.63;57.95
2;17.63;57.95
1;17.63;57.39
2;17.63;55.35
2;17.63;53.98
1;17.63;53.65
1;17.63;53.45
1;17.63;53.45
1;17.63;51.34
3;17.63;50.09
2;17.62;60.15
1;17.62;59.54
1;17.62;54.38
1;17.62;52.18
2;17.62;51.45
2;17.61;60.2
1;17.61;51.74
1;17.61;51.74
1;17.61;50.66
1;17.61;50.62
2;17.6;69.53
2;17.6;67.82
3;17.6;65.66
3;17.6;65.27
1;17.6;64.87
4;17.6;64.39
1;17.6;64.37
4;17.6;64.2
4;17.6;64.2
2;17.6;64
4;17.6;63.61
1;17.6;63.55
1;17.6;63.2
5;17.6;62.56
2;17.6;62.45
9;17.6;62.33
4;17.6;62.32
9;17.6;62.2
2;17.6;61.11
2;17.6;60.87
1;17.6;60.5
4;17.6;60.37
4;17.6;60.37
5;17.6;60.09
6;17.6;59.56
2;17.6;58.78
2;17.6;58.39
1;17.6;57.27
3;17.6;57.06
1;17.6;56.79
3;17.6;55.12
3;17.6;55.05
2;17.6;53.36
2;17.6;53.28
3;17.6;52.53
3;17.6;52.53
2;17.6;52.14
1;17.6;51.92
2;17.6;50.88
2;17.6;50.67
3;17.59;61.11
1;17.59;60.08
2;17.59;54.66
1;17.59;54.42
1;17.59;53.85
1;17.59;53.55
1;17.59;52.56
1;17.58;58.48
2;17.58;57.05
1;17.58;55.62
1;17.58;55.62
2;17.58;53.73
2;17.58;53.05
7;17.58;51.78
2;17.57;68.7
2;17.57;68.59
2;17.57;68.48
2;17.57;66.83
1;17.57;65.99
3;17.57;65.93
4;17.57;65.63
5;17.57;64.75
6;17.57;64.64
3;17.57;64.56
3;17.57;64.51
3;17.57;64.51
5;17.57;64.46
7;17.57;64.45
2;17.57;64.36
4;17.57;64.27
6;17.57;64.25
4;17.57;64.18
1;17.57;63.81
7;17.57;63.65
1;17.57;63.64
1;17.57;63.18
3;17.57;62.96
2;17.57;61.78
3;17.57;60.6
1;17.57;60.38
2;17.57;59.11
5;17.57;58.31
1;17.57;57.81
4;17.57;57.34
4;17.57;57.34
2;17.57;56.39
4;17.57;55.19
1;17.57;54.86
1;17.57;52.61
8;17.57;51.44
1;17.57;50.23
1;17.57;50.23
1;17.56;60.51
2;17.56;59.04
2;17.56;57.41
1;17.56;52.42
1;17.55;61.05
1;17.55;59.7
1;17.55;59.7
1;17.55;57.26
2;17.55;54
1;17.55;53.05
2;17.55;51.28
2;17.54;57.14
2;17.54;54.38
3;17.54;53.16
1;17.54;52.63
1;17.54;52.63
4;17.54;50.58
9;17.53;69.26
1;17.53;68.62
1;17.53;68.62
3;17.53;67.26
3;17.53;66.42
5;17.53;66.2
2;17.53;64.47
6;17.53;63.43
6;17.53;62.74
2;17.53;62.15
1;17.53;61.83
6;17.53;58.74
1;17.53;58.72
1;17.53;58.72
5;17.53;58.2
1;17.53;57.79
3;17.53;55.58
2;17.53;53.52
1;17.52;56.12
1;17.52;55.23
4;17.52;53.97
1;17.52;53.19
1;17.52;53.19
2;17.52;52.64
1;17.52;52.13
2;17.52;51.72
6;17.52;51.64
2;17.51;59.22
4;17.51;58.65
1;17.51;56.58
1;17.51;55.15
4;17.51;54.74
1;17.51;52.67
2;17.51;51.84
7;17.5;68.31
3;17.5;68.2
2;17.5;67.72
2;17.5;66.77
1;17.5;66.68
1;17.5;66.53
1;17.5;66.53
8;17.5;66.13
7;17.5;65.79
1;17.5;64.97
2;17.5;63.72
1;17.5;63.2
2;17.5;62.42
2;17.5;62.2
4;17.5;61.83
4;17.5;61.83
1;17.5;61.36
7;17.5;61.29
7;17.5;61.29
7;17.5;61.29
7;17.5;61.09
1;17.5;60.26
2;17.5;58.93
9;17.5;57.39
1;17.5;57.03
2;17.5;56.72
5;17.5;55.09
2;17.5;54.98
2;17.5;54.32
6;17.5;53.36
2;17.5;50.98
1;17.49;58.69
1;17.49;55.01
3;17.49;53.54
4;17.49;50.3
2;17.48;57.21
1;17.48;56.55
5;17.48;53.95
2;17.48;52.24
3;17.48;51.95
5;17.47;69.87
5;17.47;69.87
5;17.47;69.87
4;17.47;69.54
3;17.47;68.66
2;17.47;65.96
2;17.47;65.32
2;17.47;64.57
2;17.47;64.54
1;17.47;63.61
3;17.47;63.07
3;17.47;63.07
1;17.47;62.92
1;17.47;62.76
3;17.47;62.49
5;17.47;60.71
1;17.47;60.67
3;17.47;60.37
1;17.47;60.32
1;17.47;60.22
2;17.47;59.88
3;17.47;59.87
1;17.47;59.83
5;17.47;59.78
8;17.47;58.82
5;17.47;58.72
2;17.47;58.34
3;17.47;57.77
2;17.47;56.34
4;17.47;55.66
4;17.47;55.66
2;17.47;55.62
1;17.47;55.54
2;17.47;52.04
1;17.47;51.62
1;17.46;56.59
5;17.46;56.58
2;17.46;56
1;17.46;53.44
2;17.45;62.62
1;17.45;57.56
2;17.44;57.78
4;17.44;56.92
2;17.44;54.31
2;17.44;53.72
2;17.44;52.36
2;17.44;50.34
2;17.43;69.09
4;17.43;67.77
1;17.43;66.28
6;17.43;65.64
6;17.43;65.64
3;17.43;65.39
2;17.43;64.81
2;17.43;64.81
2;17.43;64.81
2;17.43;64.81
4;17.43;64.68
2;17.43;64.44
2;17.43;64.44
4;17.43;64.39
8;17.43;64.28
3;17.43;63.22
4;17.43;63.07
2;17.43;62.82
2;17.43;62.29
1;17.43;61.77
1;17.43;61.61
4;17.43;61.34
1;17.43;60.74
1;17.43;60.34
2;17.43;59.18
1;17.43;59.04
1;17.43;57.78
1;17.43;55.46
7;17.43;54.61
4;17.43;54.45
1;17.42;58.78
4;17.42;58.15
6;17.42;55.95
2;17.42;55.22
1;17.42;53.71
2;17.42;53.38
1;17.42;52.17
1;17.41;54.86
2;17.41;54.63
1;17.4;69.83
3;17.4;68.98
5;17.4;68.1
2;17.4;67.01
2;17.4;67.01
2;17.4;65.33
2;17.4;65.25
1;17.4;65.1
6;17.4;64.4
4;17.4;64.21
2;17.4;63.89
3;17.4;63.29
2;17.4;63.01
2;17.4;62.85
6;17.4;62.68
1;17.4;62.66
1;17.4;62.02
1;17.4;61.92
1;17.4;61.92
3;17.4;61.78
4;17.4;61.39
3;17.4;61.21
4;17.4;60.97
1;17.4;59.83
1;17.4;59.58
5;17.4;57.92
1;17.4;56.45
2;17.4;56.43
2;17.4;54.61
2;17.4;54.61
1;17.4;53.57
2;17.4;52.53
5;17.4;51.44
3;17.4;50.49
1;17.39;60.85
2;17.39;57.73
1;17.39;57.52
3;17.39;55.63
4;17.39;54.12
3;17.39;52.06
5;17.39;50.39
2;17.39;50.06
2;17.39;50.06
1;17.38;58.79
3;17.38;56.5
1;17.38;54.61
1;17.38;54.61
1;17.38;51.42
1;17.38;51.42
1;17.37;69.8
3;17.37;67.87
4;17.37;65.96
2;17.37;65.75
2;17.37;65.75
2;17.37;65.75
1;17.37;64.8
8;17.37;64.73
1;17.37;64.55
1;17.37;64.55
3;17.37;64.55
3;17.37;63.84
2;17.37;63.75
2;17.37;63.62
1;17.37;63.38
1;17.37;63.38
3;17.37;63.23
2;17.37;62.22
2;17.37;61.94
2;17.37;61.9
4;17.37;59.56
1;17.37;59.5
2;17.37;59.47
3;17.37;59.1
6;17.37;59.02
1;17.37;58.32
5;17.37;58.14
2;17.37;57.95
2;17.37;57.72
5;17.37;57.15
1;17.37;55.87
6;17.37;52.86
3;17.37;52.33
1;17.36;58.23
1;17.36;57.2
1;17.36;56.11
1;17.36;56.11
1;17.36;56.01
1;17.36;55.22
1;17.36;54.81
2;17.36;54.06
1;17.36;53.57
1;17.36;53.57
2;17.36;52.89
2;17.36;52.89
1;17.36;52.21
1;17.36;52.21
6;17.36;50.37
1;17.35;53.04
1;17.35;51.54
1;17.34;61.88
2;17.34;59.78
1;17.34;55.98
1;17.34;53.25
4;17.33;69.38
2;17.33;68.83
1;17.33;68.58
5;17.33;68.22
2;17.33;67.39
3;17.33;66.53
1;17.33;65.89
6;17.33;65.73
1;17.33;65.11
1;17.33;64.97
1;17.33;64.97
1;17.33;63.54
1;17.33;63.22
2;17.33;62.62
5;17.33;62.1
4;17.33;61.9
4;17.33;61.9
4;17.33;61.89
6;17.33;61.11
1;17.33;58.46
3;17.33;58.01
2;17.33;56.53
4;17.33;56.49
1;17.33;56.34
2;17.33;55.53
1;17.33;55.41
2;17.33;54.99
2;17.33;54.38
1;17.33;54.37
6;17.33;53.76
3;17.33;53.04
2;17.32;57.48
2;17.32;56.06
2;17.32;56.06
1;17.32;54.96
1;17.32;54.66
5;17.32;53.97
1;17.32;53.5
1;17.32;53.5
1;17.32;50.8
7;17.32;50.02
1;17.31;56.65
1;17.31;56.18
1;17.31;55.55
2;17.31;53.37
1;17.31;51.96
2;17.31;50.74
5;17.3;69.49
5;17.3;68.76
2;17.3;68.76
1;17.3;68.66
1;17.3;68.66
2;17.3;67.6
2;17.3;67.6
4;17.3;66.79
4;17.3;66.79
7;17.3;66.58
4;17.3;66.12
1;17.3;66.07
1;17.3;65.78
3;17.3;65.74
3;17.3;65.53
3;17.3;64.32
1;17.3;64.06
1;17.3;63.54
1;17.3;63.54
4;17.3;63.2
4;17.3;63.15
4;17.3;63.1
2;17.3;62.82
1;17.3;62.71
1;17.3;61.7
3;17.3;61.07
1;17.3;60.49
2;17.3;59.78
1;17.3;59.72
2;17.3;59.19
2;17.3;59.19
1;17.3;58.82
5;17.3;57.72
3;17.3;57.38
1;17.3;56.48
4;17.3;56.16
6;17.3;55.87
2;17.3;55.47
5;17.3;55.07
1;17.3;54.94
3;17.3;54.08
2;17.3;53.54
1;17.3;53.54
4;17.3;50.94
1;17.29;59.75
2;17.29;59.38
5;17.29;58.56
2;17.29;56.9
2;17.29;51.06
1;17.29;50.63
2;17.28;59.93
7;17.28;52
2;17.28;51.14
4;17.28;50.8
1;17.27;67.29
1;17.27;64.64
3;17.27;64.63
3;17.27;64.63
8;17.27;64.48
2;17.27;64.15
2;17.27;63.78
2;17.27;63.78
1;17.27;63.57
3;17.27;62.96
2;17.27;62.37
2;17.27;61.41
2;17.27;61.41
2;17.27;61.23
1;17.27;60.92
3;17.27;60.71
2;17.27;60.63
1;17.27;60.24
7;17.27;59.92
7;17.27;59.92
3;17.27;59.8
2;17.27;59.79
4;17.27;58.17
5;17.27;57.55
1;17.27;57.26
7;17.27;56.08
2;17.27;54.81
8;17.27;54.46
1;17.27;54.19
2;17.26;61.12
3;17.26;60.36
1;17.26;59.675
1;17.26;56.94
2;17.26;55.23
2;17.26;54.63
1;17.26;54.6
1;17.26;52.77
3;17.26;52.53
2;17.26;51.26
1;17.25;56.8
7;17.25;56.67
1;17.25;53.11
1;17.25;53.11
2;17.25;52.09
1;17.24;60.65
2;17.24;58.61
1;17.24;58.44
4;17.24;55.92
2;17.24;55.51
1;17.24;55.26
1;17.24;54.42
1;17.24;54.42
1;17.24;54.42
4;17.24;54.25
2;17.24;53.99
2;17.24;53.63
1;17.24;52.43
1;17.23;68.92
1;17.23;68.31
3;17.23;67.9
6;17.23;66.07
1;17.23;65.96
3;17.23;65.86
2;17.23;64.95
6;17.23;64.64
2;17.23;64.41
2;17.23;63.76
1;17.23;63.44
1;17.23;63.44
2;17.23;63.23
1;17.23;62.66
3;17.23;62.56
6;17.23;62.16
1;17.23;61.97
2;17.23;61.87
2;17.23;61.73
2;17.23;61.73
2;17.23;60.93
2;17.23;60.93
4;17.23;59.61
4;17.23;59.02
2;17.23;58.79
2;17.23;58.79
2;17.23;57.2
5;17.23;57.05
5;17.23;57.05
1;17.23;55.8
2;17.23;55.08
1;17.23;54.49
1;17.23;54.49
8;17.23;52.76
1;17.23;51.48
7;17.23;51.36
2;17.22;60.2
2;17.22;59.98
2;17.22;59.98
4;17.22;57.74
1;17.22;56.44
1;17.22;51.93
1;17.22;50.51
1;17.21;60.1
1;17.21;58.37
1;17.21;56.12
2;17.21;55.9
1;17.21;55.61
5;17.21;55.41
1;17.21;53.94
1;17.21;52.14
1;17.21;52.06
1;17.21;52.06
5;17.21;50.6
1;17.2;69.85
10;17.2;67.3
2;17.2;66.86
1;17.2;65.25
2;17.2;64.73
2;17.2;64.17
4;17.2;63.95
2;17.2;63.83
2;17.2;63.83
2;17.2;63.83
2;17.2;63.68
2;17.2;63.43
3;17.2;62.87
5;17.2;62.45
5;17.2;62.45
1;17.2;62.13
5;17.2;60.33
2;17.2;60.31
6;17.2;59.63
1;17.2;59.58
2;17.2;59.29
2;17.2;58.76
2;17.2;58.76
1;17.2;58.27
2;17.2;56.68
1;17.2;56.06
3;17.2;54.67
3;17.2;54.32
2;17.2;53.15
1;17.2;51.65
1;17.2;51.2
5;17.2;51.08
2;17.2;50.22
1;17.19;58.92
2;17.19;57.44
2;17.19;53.94
1;17.19;53.78
1;17.19;53.78
1;17.19;53.78
1;17.19;53.75
1;17.19;52.73
2;17.19;52.36
2;17.19;52.13
2;17.19;52.13
2;17.19;51.68
5;17.19;50.82
2;17.18;56.6
1;17.18;53.08
5;17.17;68.36
3;17.17;66.9
2;17.17;66.87
2;17.17;64.82
2;17.17;63.4
2;17.17;63.4
5;17.17;62.5
1;17.17;62.25
3;17.17;62.22
1;17.17;62.1
1;17.17;62.1
1;17.17;61.98
1;17.17;61.67
2;17.17;61.25
2;17.17;61.25
1;17.17;61.05
1;17.17;60.52
2;17.17;60.47
1;17.17;59.81
1;17.17;59.81
2;17.17;59.24
3;17.17;59.19
1;17.17;59
2;17.17;58.59
1;17.17;56.88
1;17.17;56.38
2;17.17;55.62
2;17.17;55.62
2;17.17;55.62
4;17.17;53.66
6;17.17;53.36
5;17.17;52.72
1;17.17;52.52
2;17.17;52.37
1;17.16;59.95
1;17.16;58.3
2;17.16;57.09
2;17.16;56.74
1;17.16;55.85
1;17.16;55.03
5;17.16;53.69
1;17.16;53.59
1;17.16;50.67
1;17.15;58.24
2;17.15;54.8
1;17.15;54.53
2;17.15;50.99
7;17.14;58.64
3;17.14;55.73
5;17.14;54.74
3;17.14;54.68
2;17.14;51.94
1;17.14;51.27
2;17.13;69.73
2;17.13;69.73
2;17.13;69.52
5;17.13;69.04
5;17.13;69.04
2;17.13;68.43
1;17.13;66.92
9;17.13;66.4
2;17.13;65.34
4;17.13;65.24
4;17.13;65.24
3;17.13;64.98
2;17.13;64.39
4;17.13;64.33
2;17.13;63.51
1;17.13;62.9
1;17.13;62.09
1;17.13;61.96
2;17.13;61.07
2;17.13;61.07
3;17.13;60.28
2;17.13;59.56
2;17.13;59.29
5;17.13;59.22
2;17.13;57.9
1;17.13;57.5
2;17.13;56.43
2;17.13;56.02
1;17.13;55.31
5;17.13;55.09
5;17.13;53.91
3;17.13;52.6
3;17.13;52.59
1;17.13;52.21
1;17.13;50.63
2;17.12;61.14
1;17.12;60.79
1;17.12;56.99
2;17.12;55.61
1;17.12;55.05
1;17.12;51.79
1;17.11;56.03
2;17.11;53.95
1;17.11;53.95
8;17.11;53.42
1;17.11;53.03
3;17.11;53
3;17.1;68.39
5;17.1;67.85
3;17.1;67.23
3;17.1;67.23
4;17.1;65.17
1;17.1;65.07
1;17.1;64.45
3;17.1;63.81
1;17.1;63.02
1;17.1;63.02
2;17.1;62.32
3;17.1;61.48
2;17.1;61.05
3;17.1;60.81
1;17.1;59.83
8;17.1;59.33
8;17.1;59.33
2;17.1;59.21
2;17.1;59.21
1;17.1;59.16
1;17.1;59.16
7;17.1;58.03
2;17.1;57.57
3;17.1;57.11
2;17.1;57.1
3;17.1;56.76
2;17.1;56.32
1;17.1;56.19
2;17.1;55.36
1;17.1;54.96
1;17.1;54.96
2;17.1;53.76
2;17.1;53.76
6;17.1;52.98
3;17.1;50.59
1;17.09;57.8
2;17.09;52.56
2;17.09;52.56
1;17.09;50.22
2;17.08;58.31
1;17.08;55.16
4;17.08;55.07
4;17.08;55.07
2;17.08;54.27
2;17.08;54.25
2;17.08;51.97
2;17.08;51.97
2;17.08;51.45
2;17.08;51.45
1;17.08;50.37
2;17.07;69.77
2;17.07;69.73
2;17.07;68.39
1;17.07;67.96
1;17.07;67.58
2;17.07;67.28
1;17.07;66.75
1;17.07;66.75
3;17.07;66.6
3;17.07;66.49
2;17.07;66.2
2;17.07;66.11
1;17.07;66.02
3;17.07;65.74
2;17.07;63.26
2;17.07;63.26
3;17.07;62.89
2;17.07;62.75
3;17.07;62.58
1;17.07;62.48
1;17.07;62.48
2;17.07;61.54
1;17.07;61.54
1;17.07;60.75
1;17.07;60.75
2;17.07;60.58
10;17.07;60.49
8;17.07;60.47
6;17.07;60.27
6;17.07;60.27
6;17.07;60.27
4;17.07;59.61
3;17.07;57.13
2;17.07;57.13
2;17.07;57.13
2;17.07;56.93
6;17.07;56.22
6;17.07;56.22
2;17.07;55.31
2;17.07;54.9
7;17.07;53.61
1;17.07;53.05
4;17.07;52.89
3;17.07;52.76
2;17.07;51.95
1;17.07;50.38
2;17.07;50.21
1;17.06;58.67
1;17.06;58.67
5;17.06;56.83
5;17.06;55.87
1;17.06;54.08
1;17.06;52.74
1;17.06;52.74
1;17.06;51.87
7;17.05;62.05
2;17.05;60.43
8;17.05;53.38
1;17.05;51.64
2;17.05;50.97
5;17.04;56.23
1;17.04;55.54
1;17.04;55.44
1;17.04;54.86
1;17.04;54.52
1;17.04;54.39
2;17.03;69.4
1;17.03;67.83
1;17.03;67.3
2;17.03;66.78
9;17.03;66.59
2;17.03;64.85
2;17.03;63.8
1;17.03;63.29
1;17.03;63.29
3;17.03;62.88
1;17.03;62.75
2;17.03;62.43
1;17.03;62.02
1;17.03;62.02
2;17.03;60.8
5;17.03;60.55
4;17.03;60.48
2;17.03;59.77
2;17.03;59.37
2;17.03;59.37
2;17.03;59.04
3;17.03;58.86
1;17.03;58.53
2;17.03;58.46
8;17.03;58.36
1;17.03;57.99
2;17.03;57.89
5;17.03;57.86
2;17.03;57.49
2;17.03;57.06
2;17.03;55.98
2;17.03;54.45
2;17.03;53.23
2;17.03;53.23
1;17.03;53.2
2;17.03;53.12
1;17.03;52.35
1;17.03;52.35
5;17.03;50.45
3;17.02;50.8
2;17.01;57.14
2;17.01;57.14
1;17.01;51.65
3;17.01;51.14
1;17.01;51.03
8;17.01;50.33
1;17.01;50.27
5;17;69.5
1;17;68.99
8;17;67.7
3;17;67.11
4;17;66.5
4;17;66.5
4;17;66.1
2;17;65.97
2;17;65.7
1;17;65.33
3;17;63.83
7;17;63.47
1;17;63.36
2;17;63.25
2;17;63.25
4;17;62.88
2;17;62.68
2;17;62.68
4;17;61.52
3;17;61.42
2;17;61.27
3;17;61.1
2;17;61.01
1;17;60.85
2;17;60.79
2;17;60.1
3;17;59.71
5;17;59.31
2;17;59.15
2;17;57.68
5;17;57.45
1;17;56.26
4;17;56.18
2;17;55.62
6;17;54.86
6;17;54.86
3;17;53.6
2;17;53.23
1;17;51.36
2;17;51.11
1;16.99;57.71
1;16.99;57.31
6;16.99;56.8
2;16.99;50.54
3;16.98;56.12
1;16.98;54.16
1;16.98;53.92
5;16.98;53.29
2;16.98;51.4
4;16.97;69.97
8;16.97;69.75
8;16.97;69.75
7;16.97;69.64
4;16.97;67.75
2;16.97;67.08
1;16.97;66.18
1;16.97;65.11
1;16.97;65.1
1;16.97;65.1
4;16.97;64.95
1;16.97;64.19
2;16.97;64.16
5;16.97;63.94
2;16.97;63.86
4;16.97;63.57
5;16.97;63.22
7;16.97;62.5
3;16.97;62.37
2;16.97;62.21
1;16.97;62.01
1;16.97;60.72
4;16.97;60.39
4;16.97;60.34
9;16.97;60.34
9;16.97;60.34
3;16.97;60.15
2;16.97;59.94
5;16.97;59.58
3;16.97;57.68
3;16.97;57.68
2;16.97;57.57
6;16.97;57.42
1;16.97;56.77
3;16.97;56.31
2;16.97;55.67
2;16.97;55.67
1;16.97;53.21
1;16.97;52.74
1;16.97;51.01
4;16.97;50.51
1;16.97;50.45
1;16.96;60.5
2;16.96;58.99
2;16.96;56.39
1;16.96;54.49
1;16.96;51.09
2;16.96;50.65
2;16.96;50.65
2;16.96;50.65
1;16.95;69
4;16.95;58.41
2;16.95;55.88
1;16.95;55.16
1;16.94;58.57
1;16.94;55.38
2;16.93;68.49
2;16.93;68.49
2;16.93;68.21
6;16.93;68.16
6;16.93;68.16
1;16.93;66.75
2;16.93;66.35
5;16.93;66.14
2;16.93;65.99
4;16.93;65.8
2;16.93;65.3
2;16.93;64.8
1;16.93;64.53
5;16.93;64.4
1;16.93;63.68
2;16.93;63.51
2;16.93;63.42
7;16.93;63.39
6;16.93;63.38
1;16.93;63.16
4;16.93;61.73
4;16.93;61.7
1;16.93;60.39
5;16.93;60.16
1;16.93;60
2;16.93;59.71
2;16.93;59.18
1;16.93;58.67
5;16.93;58.28
1;16.93;55.82
2;16.93;55.8
2;16.93;55.71
2;16.93;55.69
7;16.93;54.71
2;16.93;54.38
6;16.93;54.35
3;16.93;53.78
1;16.93;53.05
2;16.93;52.64
2;16.93;52.64
1;16.92;62.34
1;16.92;60.65
1;16.92;57.55
1;16.92;57.55
2;16.92;56.77
1;16.92;52.43
1;16.92;51.44
2;16.91;57.66
6;16.9;68.78
6;16.9;68.78
1;16.9;67.27
5;16.9;66.77
2;16.9;65.09
4;16.9;63.45
4;16.9;63.45
5;16.9;62.43
2;16.9;62.25
2;16.9;62.25
2;16.9;62.25
2;16.9;62.25
5;16.9;62.04
2;16.9;61.89
1;16.9;61.27
2;16.9;60.9
4;16.9;60.72
6;16.9;60.05
6;16.9;60.05
5;16.9;59.6
2;16.9;59.07
5;16.9;58.92
2;16.9;58.61
2;16.9;58.61
2;16.9;57.99
2;16.9;57.87
1;16.9;57.83
2;16.9;57.76
1;16.9;57.05
4;16.9;56.95
1;16.9;56.56
2;16.9;55.1
1;16.9;53.09
2;16.9;53.07
2;16.9;53.07
1;16.9;52.32
2;16.89;57.88
2;16.89;54.76
1;16.89;54.14
2;16.89;52.78
1;16.89;51.86
7;16.89;51.86
2;16.89;51.47
1;16.88;54.2
1;16.88;50.38
5;16.87;69.57
2;16.87;67.57
1;16.87;67.36
2;16.87;66.56
2;16.87;66.56
7;16.87;66.16
1;16.87;65.61
2;16.87;65.14
2;16.87;65.1
1;16.87;64.35
1;16.87;64.31
3;16.87;64.26
8;16.87;64.08
4;16.87;63.69
3;16.87;63.69
2;16.87;63.25
4;16.87;63.25
1;16.87;62.74
2;16.87;62.74
4;16.87;62.43
6;16.87;62.26
2;16.87;61.97
2;16.87;61.39
4;16.87;61.14
3;16.87;60.94
1;16.87;60.76
1;16.87;60.75
1;16.87;60.69
2;16.87;60.59
1;16.87;59.59
2;16.87;59.58
2;16.87;59.53
1;16.87;59.46
3;16.87;58.4
2;16.87;57.95
2;16.87;57.83
2;16.87;57.83
2;16.87;57.83
2;16.87;57.08
1;16.87;54.76
1;16.87;54.54
2;16.87;53.93
1;16.87;52.4
2;16.86;62.65
2;16.86;59.76
1;16.86;56.1
1;16.86;53.39
2;16.85;55.43
1;16.85;52.74
1;16.85;51
1;16.84;56.01
2;16.84;52.4
2;16.84;52.4
3;16.83;69.66
10;16.83;69.04
2;16.83;67.27
2;16.83;67.27
2;16.83;66.87
1;16.83;66.75
1;16.83;66.48
2;16.83;65.66
2;16.83;65.66
1;16.83;64.76
2;16.83;64.51
2;16.83;64.35
2;16.83;64.35
1;16.83;64.3
2;16.83;63.79
4;16.83;63.42
5;16.83;63.42
1;16.83;63.4
1;16.83;63.28
2;16.83;63.08
5;16.83;62.82
5;16.83;62.82
1;16.83;62.76
1;16.83;62.72
3;16.83;62.62
2;16.83;62.28
2;16.83;62.28
1;16.83;61.28
6;16.83;60.84
1;16.83;60.45
3;16.83;60
4;16.83;59.58
4;16.83;59.43
2;16.83;58.79
1;16.83;58.43
1;16.83;58.1
1;16.83;56.57
1;16.83;55.06
3;16.83;54.62
6;16.83;54.52
2;16.83;54.43
5;16.83;53.29
5;16.83;53.29
5;16.83;53.29
1;16.83;52.1
5;16.83;51.12
6;16.83;50.93
2;16.83;50.22
1;16.82;54.03
1;16.82;52.93
2;16.82;52.89
2;16.82;52.89
6;16.82;52.71
7;16.82;52.41
8;16.82;50.3
1;16.81;62.36
5;16.81;59.43
1;16.81;58.82
2;16.81;57.52
3;16.81;56.19
1;16.81;55.11
3;16.81;54.36
1;16.81;53.17
2;16.81;53.11
2;16.81;53.11
1;16.81;52.82
2;16.8;69.85
2;16.8;69.85
3;16.8;69.85
1;16.8;69.54
1;16.8;69.54
1;16.8;68.05
1;16.8;68.05
1;16.8;67.44
3;16.8;66.32
3;16.8;66.32
1;16.8;66.19
1;16.8;65.97
1;16.8;64.99
6;16.8;64.85
3;16.8;64.77
5;16.8;64.53
3;16.8;64.03
1;16.8;63.47
2;16.8;62.65
2;16.8;62.65
6;16.8;62.6
6;16.8;62.6
5;16.8;62.49
4;16.8;61.88
1;16.8;61.49
8;16.8;61.02
2;16.8;60.76
2;16.8;60.72
6;16.8;59.83
2;16.8;59.2
5;16.8;56.9
3;16.8;56.72
3;16.8;56.72
2;16.8;54.27
2;16.8;53.32
1;16.79;57.91
2;16.79;56.81
2;16.79;55.45
1;16.78;62.18
1;16.78;62.18
1;16.78;52.02
2;16.77;69.36
1;16.77;68.19
1;16.77;67.06
7;16.77;66.25
8;16.77;66.1
8;16.77;66.1
2;16.77;65.71
2;16.77;65.38
2;16.77;65.38
7;16.77;65.37
6;16.77;65.31
6;16.77;65.31
3;16.77;65.25
1;16.77;65.1
6;16.77;64.37
6;16.77;62.93
2;16.77;62.74
9;16.77;62.5
4;16.77;61.97
2;16.77;61.34
2;16.77;60.97
6;16.77;60.81
3;16.77;60.25
2;16.77;59.9
1;16.77;59.74
2;16.77;59.29
8;16.77;59.15
3;16.77;57.93
1;16.77;56.58
8;16.77;53.76
1;16.76;53.47
1;16.76;51.06
2;16.75;55.88
1;16.75;55.55
3;16.75;55
1;16.75;54.34
1;16.74;61.89
1;16.74;59.08
3;16.74;57.96
1;16.74;57.43
5;16.74;55.49
1;16.74;54.54
4;16.74;53.33
4;16.74;52.75
4;16.74;52.75
1;16.74;50.82
1;16.74;50.82
1;16.74;50.82
5;16.73;69.07
1;16.73;67.78
2;16.73;67.1
2;16.73;66.58
2;16.73;65.97
2;16.73;65.97
2;16.73;65.66
5;16.73;63.95
7;16.73;63.91
3;16.73;63.68
9;16.73;63.63
1;16.73;63.45
4;16.73;63.08
1;16.73;63.02
3;16.73;62.99
1;16.73;62.61
1;16.73;61.01
1;16.73;60.1
5;16.73;59.72
1;16.73;59.33
1;16.73;59.33
1;16.73;59.02
3;16.73;58.99
10;16.73;58.72
1;16.73;57.03
7;16.73;55.8
7;16.73;54.53
7;16.73;54.53
1;16.73;54.4
3;16.73;53.36
1;16.73;52.18
10;16.73;50.12
1;16.72;55.95
2;16.72;50.18
2;16.71;55.38
2;16.71;55.28
1;16.71;53.41
2;16.71;52.35
1;16.71;50.64
1;16.71;50.64
5;16.7;68.54
2;16.7;68.47
7;16.7;67.34
1;16.7;67.32
4;16.7;66.38
1;16.7;65.34
5;16.7;65.12
5;16.7;65.12
3;16.7;64.24
6;16.7;63.79
2;16.7;63.63
2;16.7;63.63
1;16.7;62.8
1;16.7;61.73
1;16.7;61.11
2;16.7;59.28
3;16.7;59.15
2;16.7;58.29
2;16.7;56.51
4;16.7;55.83
1;16.7;55.63
2;16.7;55.46
4;16.7;52.76
4;16.7;52.76
1;16.7;52.61
1;16.7;52.03
6;16.7;51.91
1;16.7;51.58
1;16.69;57.38
1;16.69;57.14
2;16.69;57.14
1;16.69;56.96
1;16.69;54.42
1;16.69;53.37
1;16.69;52.94
2;16.69;51.51
2;16.68;59.81
2;16.68;57.63
2;16.68;55.94
2;16.68;55.53
1;16.68;54.84
5;16.68;53.07
2;16.67;69.12
6;16.67;69.12
10;16.67;67.99
1;16.67;66.99
1;16.67;65.7
1;16.67;65.5
1;16.67;65.35
3;16.67;65.29
4;16.67;65.26
2;16.67;65.24
2;16.67;64.22
1;16.67;64.14
5;16.67;63.58
3;16.67;62.53
6;16.67;62.29
6;16.67;62.29
8;16.67;61.92
2;16.67;61.83
2;16.67;61.15
2;16.67;61.08
6;16.67;60.25
2;16.67;59.98
2;16.67;58.96
2;16.67;58.96
2;16.67;58.65
3;16.67;58.2
3;16.67;58.17
1;16.67;57.82
1;16.67;57.18
1;16.67;56.99
3;16.67;56.33
3;16.67;56.33
2;16.67;55.58
3;16.67;54.82
1;16.67;52.67
2;16.67;52.26
2;16.67;52.26
5;16.67;52.2
2;16.66;55.46
1;16.66;54.72
8;16.66;53.72
2;16.66;51.57
1;16.66;50.67
5;16.65;60.18
1;16.64;55.55
1;16.64;55.55
1;16.64;51.54
1;16.64;51.02
1;16.63;68.05
2;16.63;68.03
1;16.63;67.82
1;16.63;67.52
2;16.63;67.06
2;16.63;67.06
2;16.63;67.06
1;16.63;65.42
1;16.63;65.42
6;16.63;65.19
1;16.63;64.79
2;16.63;64.77
1;16.63;64.35
6;16.63;63.36
2;16.63;63.29
4;16.63;62.98
4;16.63;62.56
2;16.63;60.95
1;16.63;60.86
1;16.63;60.86
3;16.63;60.68
1;16.63;60.64
2;16.63;60.39
2;16.63;60.39
2;16.63;60.39
2;16.63;59.93
6;16.63;59.79
5;16.63;59.77
2;16.63;59.27
2;16.63;59.09
1;16.63;58.82
1;16.63;58.82
4;16.63;58.82
3;16.63;58.73
2;16.63;58.09
2;16.63;58.09
2;16.63;58.09
8;16.63;57.95
6;16.63;57.35
6;16.63;57.35
1;16.63;56.35
2;16.63;53.85
6;16.63;53.14
3;16.63;53.01
2;16.63;51.49
2;16.63;50.31
1;16.62;59.9
2;16.62;54.76
1;16.62;52.57
3;16.62;50.99
1;16.61;63.89
1;16.61;59.59
1;16.61;57.34
1;16.61;53.81
3;16.61;53.29
5;16.61;52.69
1;16.61;51.16
1;16.61;50.71
2;16.61;50.02
1;16.6;68.94
2;16.6;67.3
2;16.6;67.3
6;16.6;67.22
6;16.6;66.42
1;16.6;66.29
5;16.6;65.72
1;16.6;64.79
2;16.6;64.71
2;16.6;64.66
2;16.6;64.51
1;16.6;64.19
2;16.6;64.1
2;16.6;64.1
2;16.6;63.84
1;16.6;63.68
1;16.6;63.67
5;16.6;63.45
5;16.6;63.45
5;16.6;63.27
2;16.6;62.87
1;16.6;62.83
1;16.6;62.83
1;16.6;62.69
3;16.6;62.1
4;16.6;61.99
1;16.6;61.74
3;16.6;61.6
6;16.6;61.47
1;16.6;61.42
1;16.6;60.85
2;16.6;60.79
3;16.6;60.24
4;16.6;58.92
1;16.6;58.37
3;16.6;57.99
1;16.6;57.75
4;16.6;56.54
1;16.6;55.24
5;16.6;54.86
1;16.6;54.86
1;16.6;54.54
1;16.6;53.49
2;16.6;50.92
4;16.59;53.85
1;16.59;52.46
1;16.59;50.95
2;16.58;64.785
6;16.58;59.67
2;16.58;57.47
2;16.58;56.53
2;16.58;55.88
1;16.58;55.55
7;16.58;55.02
5;16.58;54.37
2;16.58;53.04
1;16.58;51.29
4;16.57;68.72
4;16.57;68.72
1;16.57;68.55
10;16.57;67.57
2;16.57;66.79
5;16.57;66.55
1;16.57;65.27
6;16.57;64.49
6;16.57;64.49
2;16.57;64.2
1;16.57;63.47
2;16.57;63.2
5;16.57;62.83
1;16.57;62.37
3;16.57;61.97
3;16.57;61.71
3;16.57;61.61
3;16.57;61.16
1;16.57;60.81
2;16.57;60.71
2;16.57;60.71
2;16.57;60.21
1;16.57;59.93
2;16.57;59.86
2;16.57;59.04
3;16.57;58.54
2;16.57;57.85
2;16.57;56.62
3;16.57;55.61
1;16.57;55.4
2;16.57;55.2
2;16.57;53.91
2;16.57;53.28
2;16.57;53.28
1;16.57;53.07
1;16.57;50.59
7;16.57;50.54
7;16.57;50.54
1;16.56;57.53
2;16.56;54.58
1;16.56;53.6
3;16.56;51.13
4;16.55;56.77
2;16.55;56.26
2;16.55;54.98
2;16.55;54.01
2;16.55;53.78
1;16.55;52.63
1;16.54;57.06
1;16.54;54.46
1;16.54;54.33
2;16.54;51.77
2;16.54;51.77
2;16.54;51.66
2;16.54;50.76
2;16.54;50.65
3;16.53;69.41
1;16.53;68.69
1;16.53;68.69
4;16.53;67.59
4;16.53;67.41
4;16.53;67.41
5;16.53;66.34
5;16.53;66.34
1;16.53;66.15
1;16.53;66.1
7;16.53;65.99
1;16.53;65.96
2;16.53;65.44
2;16.53;65.39
2;16.53;65.16
1;16.53;64.58
3;16.53;64.46
3;16.53;64.36
3;16.53;64.36
4;16.53;64.13
1;16.53;63.44
3;16.53;62.83
4;16.53;62.44
2;16.53;62.29
6;16.53;62.14
4;16.53;61.93
2;16.53;61.81
2;16.53;61.4
1;16.53;61.36
4;16.53;61.22
4;16.53;61.04
8;16.53;60.97
8;16.53;60.97
3;16.53;60.59
3;16.53;60.43
2;16.53;59.69
2;16.53;59.32
2;16.53;59.32
2;16.53;59.31
3;16.53;58.37
2;16.53;57.13
9;16.53;57.01
1;16.53;56.64
4;16.53;56.62
4;16.53;56.62
6;16.53;56.28
1;16.53;55.85
1;16.53;55.85
4;16.53;54.71
8;16.53;54.38
1;16.53;54.08
1;16.53;52.41
3;16.53;50.11
2;16.53;50.1
2;16.52;57.37
1;16.52;56.85
1;16.52;55.99
3;16.52;55.61
2;16.52;55.53
1;16.52;52.5
1;16.52;51.98
1;16.51;57.78
2;16.51;57.17
3;16.51;56.93
2;16.51;55.68
1;16.51;52.55
1;16.51;52.16
1;16.5;67.65
1;16.5;67.57
1;16.5;66.13
1;16.5;66.13
1;16.5;66.1
2;16.5;65.91
2;16.5;65.51
2;16.5;65.51
2;16.5;65.14
3;16.5;64.94
1;16.5;64.57
3;16.5;64.19
3;16.5;64.08
7;16.5;62.82
7;16.5;62.82
1;16.5;62.37
1;16.5;62.04
1;16.5;61.63
1;16.5;61.52
2;16.5;61.34
2;16.5;61.34
1;16.5;60.69
3;16.5;60.61
3;16.5;60.61
1;16.5;59.87
2;16.5;59.59
5;16.5;59.37
2;16.5;59.17
2;16.5;59.17
8;16.5;59.05
2;16.5;59.03
2;16.5;59.03
2;16.5;59.03
2;16.5;58.64
1;16.5;57.6
1;16.5;57.32
9;16.5;56.89
2;16.5;56.8
1;16.5;56.34
4;16.5;55.82
2;16.5;54.98
1;16.5;52.07
1;16.5;50.75
1;16.49;60.03
1;16.49;57.27
2;16.49;56.52
10;16.49;55.88
1;16.49;53.81
1;16.49;53.81
6;16.49;52.83
1;16.49;51.91
6;16.49;50.24
2;16.48;57.02
2;16.48;54.88
1;16.48;52.25
1;16.48;51.92
2;16.48;50.56
4;16.47;68.79
3;16.47;68.67
2;16.47;67.76
2;16.47;67.76
3;16.47;67.62
2;16.47;67.19
2;16.47;67.19
5;16.47;66.18
2;16.47;65.69
4;16.47;65.59
5;16.47;65.32
2;16.47;64.38
6;16.47;64.37
3;16.47;64.31
3;16.47;64.31
6;16.47;64.29
2;16.47;63.79
2;16.47;63.76
2;16.47;63.75
2;16.47;63.75
1;16.47;63.44
1;16.47;62.81
4;16.47;61.8
2;16.47;61.73
2;16.47;61.21
2;16.47;60.82
3;16.47;60.69
2;16.47;60.52
2;16.47;60.52
2;16.47;60.27
2;16.47;59.7
7;16.47;59.05
1;16.47;58.96
2;16.47;58.75
4;16.47;58.3
1;16.47;57.95
2;16.47;56.67
2;16.47;56.61
6;16.47;56.45
7;16.47;56.39
2;16.47;56.09
2;16.47;51.2
1;16.46;62.01
1;16.46;60.52
1;16.46;56.95
1;16.46;53.55
2;16.46;51.29
3;16.46;50.08
1;16.45;65.88
4;16.45;62
2;16.45;54.68
1;16.45;53.98
1;16.44;55.79
3;16.44;51.71
2;16.44;51.46
7;16.43;69.4
7;16.43;69.4
2;16.43;68.54
4;16.43;67.75
4;16.43;67.36
3;16.43;66.29
2;16.43;66.16
2;16.43;66.13
4;16.43;66.1
4;16.43;66.1
2;16.43;65.51
3;16.43;64.91
2;16.43;64.68
1;16.43;63.43
1;16.43;63.43
1;16.43;63.43
6;16.43;63.4
1;16.43;62.92
1;16.43;61.91
4;16.43;61.89
2;16.43;60.97
1;16.43;58.17
1;16.43;57.48
4;16.43;56.93
4;16.43;56.93
2;16.43;56.84
1;16.43;55.59
7;16.43;55.34
1;16.43;53.52
2;16.43;52.75
2;16.42;56.13
2;16.42;56.13
2;16.42;56.13
2;16.42;56.13
1;16.42;54.84
4;16.42;54.62
2;16.41;60.26
1;16.41;55.66
1;16.41;52.87
6;16.41;51.76
1;16.4;69.33
1;16.4;68.94
4;16.4;68.72
5;16.4;68.21
2;16.4;67.74
1;16.4;67.27
2;16.4;66.07
1;16.4;65.6
1;16.4;65.31
2;16.4;65.24
2;16.4;65.24
5;16.4;64.95
4;16.4;64.91
1;16.4;64.56
2;16.4;64.15
3;16.4;63.88
5;16.4;63.4
4;16.4;62.96
3;16.4;62.81
3;16.4;62.81
2;16.4;62.33
3;16.4;62.01
1;16.4;61.4
2;16.4;61.32
2;16.4;61.27
2;16.4;61.27
2;16.4;60.59
1;16.4;60.42
2;16.4;59.88
2;16.4;59.88
2;16.4;59.88
5;16.4;59.82
2;16.4;58.78
8;16.4;58.35
2;16.4;57.87
1;16.4;57.71
2;16.4;57.54
5;16.4;57.41
1;16.4;55.08
2;16.4;54.7
2;16.4;54.05
2;16.4;54.05
2;16.4;53.5
4;16.4;52.67
1;16.4;52.13
4;16.39;55.7
3;16.39;55.38
1;16.39;53.04
2;16.39;51.94
2;16.39;51.94
1;16.38;57.88
2;16.38;56.63
1;16.37;68.03
4;16.37;66.61
1;16.37;65.67
5;16.37;65.61
4;16.37;64.91
1;16.37;64.07
3;16.37;63.41
2;16.37;62.71
2;16.37;62.71
2;16.37;62.41
3;16.37;62.26
6;16.37;62.02
1;16.37;61.92
1;16.37;61.92
2;16.37;61.3
3;16.37;60.72
2;16.37;60.39
4;16.37;60.32
4;16.37;60.32
3;16.37;60.23
1;16.37;60.15
1;16.37;58.59
1;16.37;58.59
9;16.37;58.21
1;16.37;57.1
4;16.37;57.04
1;16.37;56.62
1;16.37;56.62
1;16.37;52.93
2;16.37;51.83
1;16.37;50.31
2;16.37;50.04
2;16.36;60.23
1;16.36;60.04
2;16.36;54.68
1;16.36;53.18
3;16.36;52.91
2;16.35;61.05
5;16.35;60.36
1;16.35;56.6
2;16.35;55.71
2;16.34;58.93
1;16.34;58.93
1;16.34;55.9
1;16.34;54.28
1;16.34;52.3
4;16.34;50.62
1;16.33;68.8
1;16.33;68.8
1;16.33;68.79
1;16.33;68.79
4;16.33;68.28
3;16.33;68.28
3;16.33;68.05
1;16.33;67.66
2;16.33;67.28
1;16.33;66.86
1;16.33;66.86
2;16.33;65.33
6;16.33;65.28
1;16.33;65.04
2;16.33;64.58
2;16.33;64.45
3;16.33;63.76
1;16.33;63.5
1;16.33;62.86
2;16.33;62.51
2;16.33;62.41
5;16.33;62.32
1;16.33;62.04
2;16.33;61.89
2;16.33;61.89
1;16.33;59.65
2;16.33;59.15
3;16.33;58.95
3;16.33;58.57
7;16.33;57.3
7;16.33;57.3
7;16.33;57.3
2;16.33;57.19
3;16.33;55.73
4;16.33;55.48
1;16.33;55.38
2;16.33;54.67
2;16.33;54.65
2;16.33;53.91
5;16.33;53.83
1;16.33;53.43
6;16.32;50.55
1;16.31;55.98
4;16.31;54.26
1;16.31;54.07
1;16.31;53.93
1;16.31;53.75
2;16.31;53.43
2;16.31;51.57
2;16.31;51.57
2;16.31;50.98
1;16.31;50.33
1;16.3;67.34
2;16.3;67.29
2;16.3;67.29
2;16.3;67.29
5;16.3;67.26
2;16.3;66.6
1;16.3;66.41
3;16.3;66.36
2;16.3;65.51
5;16.3;65.33
3;16.3;65.02
2;16.3;64.89
2;16.3;64.33
3;16.3;63.23
2;16.3;63.02
1;16.3;62.86
1;16.3;62.86
10;16.3;62.76
1;16.3;62.4
8;16.3;62.06
8;16.3;62.06
7;16.3;62.02
1;16.3;62.01
1;16.3;62.01
2;16.3;61.64
5;16.3;61.56
5;16.3;61.56
6;16.3;61.19
1;16.3;58.57
7;16.3;58.47
2;16.3;57.32
2;16.3;57.21
3;16.3;57.01
3;16.3;56.95
7;16.3;56.03
3;16.3;54.99
2;16.3;54.97
3;16.3;54.71
1;16.3;54.07
1;16.3;52.3
2;16.3;52.15
3;16.3;51.95
1;16.3;50.7
1;16.29;62.14
1;16.29;56.96
2;16.29;55.81
3;16.29;52.71
7;16.28;57.75
5;16.28;56.72
1;16.28;54.76
1;16.28;53.97
3;16.28;53.14
3;16.27;69.11
3;16.27;69.11
1;16.27;68.22
2;16.27;67.67
2;16.27;67
2;16.27;66.26
2;16.27;66.26
1;16.27;66.21
5;16.27;65.25
2;16.27;64.96
2;16.27;64.96
1;16.27;64.27
2;16.27;64.07
5;16.27;62.92
2;16.27;62.85
1;16.27;62.68
2;16.27;62.56
1;16.27;62.21
2;16.27;62.13
1;16.27;60.67
1;16.27;60.63
1;16.27;60.63
1;16.27;60.3
1;16.27;60.23
2;16.27;59.61
2;16.27;59.19
1;16.27;58.97
1;16.27;58.97
6;16.27;58.75
1;16.27;58.65
1;16.27;57.67
1;16.27;55.99
2;16.27;55.68
1;16.27;55.24
1;16.27;54.46
1;16.27;54.2
5;16.27;52.64
1;16.26;62.81
9;16.26;58.89
1;16.26;54.49
1;16.26;50.59
2;16.25;54.54
7;16.25;54.51
2;16.25;50.59
1;16.24;57.11
1;16.24;56.47
2;16.23;68.86
2;16.23;68.86
1;16.23;66.58
4;16.23;66.5
1;16.23;65.82
3;16.23;65.03
2;16.23;64.14
1;16.23;63.87
1;16.23;63.72
2;16.23;63.45
3;16.23;63.22
2;16.23;62.92
3;16.23;62.19
2;16.23;61.97
1;16.23;61.83
1;16.23;61.83
2;16.23;61.68
2;16.23;61.22
2;16.23;61.22
1;16.23;60.23
3;16.23;60.16
2;16.23;60.03
2;16.23;59.14
4;16.23;58.85
2;16.23;58.65
3;16.23;58.52
3;16.23;58.46
3;16.23;58.46
1;16.23;57.86
1;16.23;57.61
4;16.23;57.51
3;16.23;57.01
2;16.23;56.53
2;16.23;55.2
1;16.23;54.68
7;16.23;54.37
1;16.23;53.12
1;16.23;53.12
1;16.23;52.82
1;16.23;52.82
2;16.23;50.97
1;16.22;56.06
2;16.22;55.99
5;16.22;54.63
2;16.22;51.31
5;16.21;55.43
1;16.21;55.02
6;16.21;50.03
2;16.2;69.88
5;16.2;65.96
4;16.2;65.82
3;16.2;65.33
1;16.2;64.31
1;16.2;64.1
2;16.2;64.03
4;16.2;63.68
4;16.2;63.68
9;16.2;63.4
6;16.2;62.88
1;16.2;62.7
4;16.2;62.61
4;16.2;62.61
1;16.2;62.27
5;16.2;62.14
1;16.2;62.1
1;16.2;62
3;16.2;61.6
2;16.2;61.45
2;16.2;60.58
2;16.2;60.58
2;16.2;60.58
2;16.2;60.54
3;16.2;60.11
1;16.2;59.45
2;16.2;59.43
2;16.2;59.43
1;16.2;59.42
1;16.2;58.84
4;16.2;58.78
1;16.2;58.72
6;16.2;58.07
2;16.2;57.98
3;16.2;57.49
3;16.2;57.49
3;16.2;56.97
2;16.2;56.8
1;16.2;56.01
2;16.2;55.68
1;16.2;55.09
1;16.2;55.09
1;16.2;54.97
6;16.2;54.78
1;16.2;53.53
2;16.2;52.54
2;16.2;52.05
2;16.2;52.05
2;16.2;51.74
1;16.2;51.23
1;16.2;51.23
1;16.19;56.65
1;16.19;55.94
1;16.19;54.28
2;16.19;53.17
4;16.19;52.74
1;16.18;59.6
2;16.17;66.32
2;16.17;66.26
2;16.17;66.07
4;16.17;64.92
2;16.17;64.71
3;16.17;64.4
1;16.17;64.31
1;16.17;63.86
1;16.17;63.57
2;16.17;62.77
1;16.17;62.72
1;16.17;62.55
1;16.17;62.55
6;16.17;62.4
3;16.17;61.98
6;16.17;61.05
2;16.17;60.67
2;16.17;59.18
1;16.17;57.71
4;16.17;57.71
7;16.17;57.56
1;16.17;57.16
5;16.17;55.97
2;16.17;54.61
2;16.17;54.61
1;16.17;52.75
2;16.16;61.12
1;16.16;56.66
1;16.16;56.66
1;16.16;55.5
2;16.16;53.87
1;16.15;52.6
2;16.15;51
5;16.14;57.37
2;16.14;54.69
2;16.14;54.57
1;16.14;54.5
1;16.14;53.23
1;16.14;53.23
1;16.13;68.98
4;16.13;67.53
4;16.13;67.53
4;16.13;67.53
4;16.13;67.53
2;16.13;66.55
2;16.13;66.55
1;16.13;66.37
1;16.13;66.37
1;16.13;66.37
1;16.13;65.9
4;16.13;65.9
1;16.13;65.34
2;16.13;64.71
1;16.13;64.29
1;16.13;64.29
6;16.13;64.07
5;16.13;64.05
1;16.13;63.66
1;16.13;63.39
5;16.13;63.3
1;16.13;62.86
1;16.13;62.44
7;16.13;62.39
1;16.13;62.36
7;16.13;62.32
3;16.13;61.91
1;16.13;61.78
1;16.13;61.78
1;16.13;61.78
1;16.13;61.78
1;16.13;61.73
1;16.13;61.73
1;16.13;61.56
4;16.13;61.51
1;16.13;60.8
1;16.13;60.8
2;16.13;60.45
4;16.13;59.17
4;16.13;58.79
4;16.13;58.77
1;16.13;58.67
6;16.13;58.56
4;16.13;58.44
3;16.13;57.58
5;16.13;57.11
1;16.13;56.24
1;16.13;52.88
1;16.13;52.88
1;16.13;52.75
2;16.13;52.35
2;16.13;50.49
1;16.12;54
5;16.12;52.34
1;16.1;68.44
6;16.1;68.05
6;16.1;68.05
3;16.1;67.82
1;16.1;67.61
3;16.1;66.55
2;16.1;66.09
4;16.1;65.22
1;16.1;65.1
2;16.1;64.16
2;16.1;64.07
2;16.1;63.26
6;16.1;63.13
3;16.1;63.07
8;16.1;62.37
4;16.1;61.85
4;16.1;61.85
3;16.1;61.83
1;16.1;61.67
4;16.1;61.01
4;16.1;60.63
3;16.1;60.35
1;16.1;60.32
1;16.1;60.32
4;16.1;59.91
4;16.1;59.91
1;16.1;59.45
1;16.1;59.45
1;16.1;59.14
1;16.1;58.88
6;16.1;58.4
1;16.1;57.99
4;16.1;57.49
2;16.1;57.07
5;16.1;56.74
5;16.1;55.85
1;16.1;55.65
1;16.1;54.85
1;16.1;52.53
1;16.1;52.47
5;16.1;50.63
1;16.09;56.7
2;16.09;56.56
1;16.09;55.11
1;16.09;55.11
1;16.09;52.74
2;16.09;52.3
2;16.09;51.75
2;16.09;50.47
2;16.08;53.02
2;16.08;53.02
2;16.08;51.68
8;16.08;51.12
2;16.07;69.8
2;16.07;69.8
1;16.07;68.66
4;16.07;68.22
1;16.07;67.83
5;16.07;66.86
3;16.07;65.87
3;16.07;65.81
2;16.07;65.32
2;16.07;64.99
1;16.07;64.8
1;16.07;64.69
7;16.07;64.46
2;16.07;64.34
2;16.07;64.33
1;16.07;64.28
2;16.07;63.87
2;16.07;63.87
5;16.07;63.67
4;16.07;63.29
2;16.07;63.23
2;16.07;63.02
1;16.07;62.75
1;16.07;62.65
2;16.07;62.53
1;16.07;62.1
1;16.07;62.1
2;16.07;62.06
2;16.07;61.34
4;16.07;61.33
6;16.07;61.17
6;16.07;61.17
4;16.07;60.88
7;16.07;60.59
2;16.07;60.35
2;16.07;59.78
1;16.07;59.72
3;16.07;58.96
1;16.07;57.89
4;16.07;57.83
4;16.07;57
2;16.07;56.85
2;16.07;56.68
2;16.07;56.13
4;16.07;54.85
3;16.07;52.56
3;16.07;52.56
1;16.07;51.79
1;16.06;59.95
1;16.06;58.53
2;16.06;56.9
5;16.06;55.3
5;16.06;55.3
9;16.06;54.04
1;16.06;53.1
1;16.06;51.43
1;16.06;51.43
1;16.06;51.43
2;16.05;68.28
2;16.05;51.17
1;16.05;50.8
2;16.04;58.57
1;16.04;55.77
2;16.04;52.39
1;16.03;68.06
2;16.03;66.23
2;16.03;66.23
2;16.03;66.23
1;16.03;66.18
4;16.03;65.71
2;16.03;65.23
1;16.03;65.14
1;16.03;64.31
1;16.03;64.27
1;16.03;64.27
2;16.03;64.24
7;16.03;63.68
7;16.03;63.68
1;16.03;63.39
1;16.03;63.38
2;16.03;63.24
6;16.03;62.65
2;16.03;62.19
2;16.03;62.02
1;16.03;61.96
1;16.03;61.88
3;16.03;61.73
1;16.03;61.18
2;16.03;60.43
3;16.03;59.92
2;16.03;59.5
3;16.03;58.94
3;16.03;58.94
3;16.03;58.84
4;16.03;58.61
1;16.03;58.38
1;16.03;57.99
1;16.03;57.99
3;16.03;57.43
2;16.03;54.18
1;16.03;53.6
1;16.03;53.08
2;16.03;52.61
2;16.03;50.35
3;16.02;56.8
2;16.02;52.68
3;16.02;50.93
2;16.01;59.49
1;16.01;59.37
2;16.01;58.42
2;16.01;57.63
2;16.01;56.8
1;16.01;55.18
1;16.01;54.57
4;16.01;54.36
1;16.01;54.1
1;16.01;52.99
1;16.01;52.99
3;16.01;51.38
4;16;69.64
1;16;69.62
5;16;69.08
3;16;68.64
1;16;68.54
1;16;68.03
1;16;67.91
1;16;67.91
1;16;67.91
1;16;67.91
6;16;66.65
3;16;66.65
1;16;66.12
2;16;65.87
1;16;65.44
1;16;65.37
3;16;64.89
2;16;64.81
1;16;64.26
1;16;64.14
3;16;63.89
1;16;63.71
3;16;62.91
7;16;62.45
1;16;61.2
6;16;60.88
1;16;60.77
1;16;60.76
1;16;60.67
3;16;60.51
3;16;60.15
2;16;60.14
1;16;59.47
4;16;59.26
7;16;59.17
1;16;59.1
4;16;58.43
1;16;56.89
3;16;56.36
2;16;56.15
2;16;54.11
2;16;54.03
4;16;53.43
1;16;52.26
3;16;51.58
2;16;51.15
2;15.99;57.7
1;15.99;51.9
1;15.99;51.73
1;15.98;58.71
1;15.98;57.86
1;15.98;57.12
2;15.98;54.8
1;15.98;54.16
7;15.98;53.13
1;15.98;51.99
2;15.97;67.85
1;15.97;66.09
2;15.97;65.97
2;15.97;65.97
7;15.97;65.9
3;15.97;65.72
2;15.97;64.9
4;15.97;64.82
1;15.97;64.3
2;15.97;64.28
2;15.97;64.1
1;15.97;64.06
1;15.97;64.06
6;15.97;63.55
2;15.97;63.51
1;15.97;63.44
1;15.97;63.44
2;15.97;63.23
2;15.97;63.23
7;15.97;63.21
4;15.97;63.03
2;15.97;62.26
1;15.97;61.96
2;15.97;61.73
2;15.97;61.73
1;15.97;61.44
1;15.97;61.04
8;15.97;60.96
2;15.97;60.88
2;15.97;60.51
3;15.97;60.38
2;15.97;60.15
2;15.97;59.8
2;15.97;59.55
5;15.97;59.5
5;15.97;59.5
1;15.97;59.1
2;15.97;57.62
2;15.97;57.62
1;15.97;57.46
1;15.97;57.11
2;15.97;57
1;15.97;55.85
2;15.97;55.3
6;15.97;54.75
1;15.97;54.7
2;15.97;54.36
2;15.97;53.25
1;15.96;54.47
1;15.96;54.32
2;15.96;53.02
1;15.96;52.64
1;15.95;65.18
1;15.95;61.33
5;15.95;56.35
5;15.95;56.35
4;15.95;53.02
2;15.94;53.7
1;15.94;50.83
1;15.94;50.64
2;15.94;50.57
1;15.94;50.15
4;15.93;68.25
7;15.93;67.41
4;15.93;67.37
3;15.93;66.53
8;15.93;65.34
1;15.93;65.31
1;15.93;65.31
2;15.93;64.15
2;15.93;63.96
2;15.93;63.79
3;15.93;62.76
2;15.93;62.6
2;15.93;62.6
1;15.93;62.58
2;15.93;62.25
2;15.93;62.21
1;15.93;62.12
1;15.93;62.12
3;15.93;61.96
1;15.93;61.87
2;15.93;61.55
2;15.93;61.44
1;15.93;61.43
1;15.93;60.94
2;15.93;60.75
2;15.93;60.41
1;15.93;59.97
1;15.93;59.97
2;15.93;59.8
6;15.93;59.06
4;15.93;58.72
3;15.93;58.65
3;15.93;58.65
3;15.93;58.28
1;15.93;57.98
1;15.93;56.47
4;15.93;55.87
2;15.93;55.79
3;15.93;54.45
6;15.93;54.37
1;15.93;54.06
1;15.93;53.49
2;15.93;53.05
2;15.93;52.61
3;15.93;50.52
1;15.92;56.65
1;15.92;55.58
2;15.92;55.28
1;15.91;62.88
2;15.91;57.66
3;15.91;50.63
3;15.9;69.7
3;15.9;69.6
2;15.9;68.8
3;15.9;68.34
2;15.9;67.54
2;15.9;67.26
1;15.9;66.74
1;15.9;66.49
2;15.9;66.02
2;15.9;65.71
2;15.9;65.71
3;15.9;63.96
1;15.9;63.79
4;15.9;63.75
2;15.9;63.45
2;15.9;63.15
6;15.9;62.31
2;15.9;62.12
5;15.9;61.86
5;15.9;61.86
7;15.9;61.4
2;15.9;61.36
2;15.9;61.36
2;15.9;61.36
1;15.9;60.86
2;15.9;60.37
2;15.9;60.37
2;15.9;60.37
5;15.9;60.28
3;15.9;60.06
4;15.9;59.7
2;15.9;58.96
2;15.9;58.96
2;15.9;58.96
2;15.9;58.75
2;15.9;58.66
1;15.9;57.81
1;15.9;57.7
2;15.9;56.34
1;15.9;53.99
1;15.9;53.99
4;15.9;52.79
1;15.89;58.74
1;15.89;56.58
2;15.89;55.75
1;15.89;52.87
9;15.89;52.76
1;15.89;51.71
1;15.89;50.65
9;15.89;50.58
2;15.89;50.18
8;15.88;66.77
1;15.88;54.2
1;15.88;53.9
1;15.88;53.48
2;15.87;69.03
1;15.87;68.08
4;15.87;68.08
1;15.87;67.48
2;15.87;66.8
2;15.87;66.69
2;15.87;66.69
6;15.87;65.22
3;15.87;64.84
8;15.87;64.57
6;15.87;64.56
5;15.87;63.57
1;15.87;63.49
2;15.87;63.02
8;15.87;62.96
2;15.87;62.81
3;15.87;62.52
7;15.87;62.48
1;15.87;61.37
1;15.87;61.04
5;15.87;60.91
2;15.87;60.74
4;15.87;60.69
7;15.87;60.15
1;15.87;58.91
6;15.87;58.91
4;15.87;58.77
2;15.87;58.68
1;15.87;58.41
3;15.87;57.43
3;15.87;57.28
6;15.87;57.18
1;15.87;56.74
1;15.87;56.72
6;15.87;56.71
4;15.87;56.65
7;15.87;56.39
4;15.87;56.29
2;15.87;51.69
2;15.87;51.68
7;15.87;51.1
3;15.86;61.72
1;15.86;58.6
1;15.86;56.17
1;15.86;53.09
1;15.86;52.35
1;15.85;61.15
2;15.85;55.69
1;15.85;55.57
4;15.85;53.26
1;15.84;59.38
1;15.84;55.67
1;15.84;53.53
2;15.84;53.26
2;15.84;53.26
2;15.84;50.66
2;15.83;68.55
5;15.83;68.14
1;15.83;66.46
2;15.83;66.23
1;15.83;66.2
2;15.83;66.05
4;15.83;65.49
2;15.83;64.72
1;15.83;64.5
1;15.83;64.39
5;15.83;64.26
3;15.83;64.19
3;15.83;63.96
2;15.83;63.95
5;15.83;63.73
3;15.83;63.68
6;15.83;63.66
4;15.83;63.44
2;15.83;63.28
2;15.83;63.28
1;15.83;63.08
4;15.83;62.45
1;15.83;62.42
2;15.83;62.32
2;15.83;62.32
3;15.83;62.23
1;15.83;62.05
1;15.83;62.05
6;15.83;61.65
2;15.83;61.6
1;15.83;60.8
4;15.83;60.63
2;15.83;60.29
1;15.83;60.1
1;15.83;59.73
1;15.83;59.7
1;15.83;59.47
1;15.83;59.46
1;15.83;59.02
1;15.83;59.02
2;15.83;58.6
2;15.83;58.6
2;15.83;58.38
1;15.83;58.01
2;15.83;57.92
5;15.83;57.88
1;15.83;57.74
1;15.83;57.39
2;15.83;56.35
1;15.83;54.46
4;15.83;53.92
4;15.83;53.92
4;15.82;62.64
1;15.82;53.01
1;15.82;50.23
3;15.81;61.06
3;15.81;58.56
1;15.81;55.84
2;15.81;54.84
1;15.81;54.78
1;15.8;69.91
2;15.8;68.79
6;15.8;68.25
2;15.8;68.08
3;15.8;67.79
3;15.8;67.79
2;15.8;67.45
1;15.8;67.3
1;15.8;67.14
2;15.8;66.79
4;15.8;66.55
2;15.8;66.55
2;15.8;66.47
2;15.8;66.47
2;15.8;66.47
2;15.8;66.47
2;15.8;66.27
5;15.8;65.79
2;15.8;65.42
2;15.8;65.42
2;15.8;65.42
1;15.8;65.3
1;15.8;65.3
8;15.8;64.07
3;15.8;64.03
4;15.8;63.45
2;15.8;63.4
2;15.8;63.26
7;15.8;63.23
2;15.8;63.13
2;15.8;63.07
2;15.8;62.68
4;15.8;62.05
2;15.8;61.9
2;15.8;61.09
2;15.8;60.91
1;15.8;60.57
8;15.8;60.42
2;15.8;60.42
2;15.8;60.41
1;15.8;59.4
1;15.8;59.26
1;15.8;59.26
7;15.8;59.24
1;15.8;58.59
3;15.8;57.9
2;15.8;57.64
2;15.8;57.38
2;15.8;57.38
2;15.8;57.28
2;15.8;57.28
1;15.8;54.96
2;15.8;54.85
2;15.8;54.85
2;15.8;53.28
1;15.8;52.62
1;15.79;51.92
1;15.79;51.89
1;15.78;58.03
2;15.78;56.13
1;15.78;55.45
2;15.78;54.31
1;15.78;52.12
2;15.77;69.8
2;15.77;69.8
7;15.77;69.77
7;15.77;69.77
9;15.77;69.24
9;15.77;69.24
3;15.77;69.21
2;15.77;68.49
1;15.77;68.48
1;15.77;67.78
3;15.77;66.35
2;15.77;66.08
1;15.77;65.55
3;15.77;65.45
1;15.77;64.82
1;15.77;64.73
2;15.77;64.62
3;15.77;64.55
1;15.77;63.24
2;15.77;62.86
2;15.77;62.63
1;15.77;62.17
1;15.77;62.04
2;15.77;60.36
2;15.77;60.16
3;15.77;59.81
5;15.77;58.7
5;15.77;58.7
5;15.77;58.35
3;15.77;58.35
4;15.77;58.02
1;15.77;57.94
2;15.77;57.59
1;15.77;56.05
3;15.77;55.84
1;15.77;55.19
1;15.77;55.19
2;15.77;54.54
2;15.77;52.52
5;15.77;52.05
1;15.77;50.37
4;15.76;59.4
1;15.76;54.78
1;15.76;52.07
1;15.75;55.84
1;15.75;52.72
1;15.75;51.91
5;15.75;51.79
1;15.74;56.09
1;15.74;52.24
2;15.73;69.84
2;15.73;68.61
2;15.73;68.54
6;15.73;67.57
2;15.73;67.3
2;15.73;67.3
2;15.73;67.3
2;15.73;67.3
1;15.73;66.86
3;15.73;66.59
3;15.73;66.35
2;15.73;65.96
1;15.73;65.9
1;15.73;65.9
1;15.73;65.17
1;15.73;64.82
4;15.73;64.56
1;15.73;64.43
5;15.73;63.98
4;15.73;63.83
2;15.73;62.63
2;15.73;62.63
8;15.73;62.49
2;15.73;60.93
6;15.73;60.75
2;15.73;60.64
3;15.73;60.08
2;15.73;59.65
6;15.73;58.95
1;15.73;57.71
5;15.73;57.54
1;15.73;56.17
1;15.73;54.2
2;15.73;53.72
1;15.73;52.27
3;15.73;51.58
1;15.73;50.86
1;15.73;50.72
1;15.73;50.56
1;15.72;58.19
1;15.72;55.66
1;15.72;51.8
2;15.71;59.46
1;15.71;56.79
1;15.71;56.2
1;15.71;56.17
1;15.71;52.79
2;15.71;52.04
1;15.7;69.48
1;15.7;68.37
1;15.7;68.37
1;15.7;68.34
1;15.7;67.92
2;15.7;67.9
1;15.7;65.97
1;15.7;65.83
2;15.7;65.33
1;15.7;65.29
2;15.7;65.25
2;15.7;65.08
5;15.7;64.12
3;15.7;63.81
3;15.7;63.62
1;15.7;63.4
1;15.7;62.92
2;15.7;62.9
2;15.7;62.9
2;15.7;62.37
3;15.7;62.12
2;15.7;62.08
2;15.7;62.08
2;15.7;61.93
2;15.7;61.65
2;15.7;61.65
2;15.7;61.65
2;15.7;61.58
2;15.7;61.2
6;15.7;61.03
5;15.7;60.66
1;15.7;60.35
2;15.7;59.91
1;15.7;59.15
1;15.7;58.29
3;15.7;57.81
4;15.7;57.76
1;15.7;57.55
1;15.7;57.55
2;15.7;57.32
1;15.7;57.13
7;15.7;57.03
2;15.7;56.96
1;15.7;56.9
2;15.7;56.88
1;15.7;56.56
1;15.7;56.56
2;15.7;56.18
2;15.7;56.06
1;15.7;55.84
2;15.7;53.63
1;15.69;60.12
1;15.69;60.12
1;15.69;52.15
1;15.68;61.7
2;15.68;58.5
2;15.68;58.5
1;15.68;56.11
1;15.68;54.71
1;15.68;54.71
1;15.68;54.71
1;15.68;52.65
3;15.67;69.49
1;15.67;69.33
1;15.67;67.75
2;15.67;67.68
1;15.67;66.53
1;15.67;66.47
1;15.67;66.25
1;15.67;64.3
1;15.67;64.25
2;15.67;63.83
2;15.67;63.83
2;15.67;62.83
2;15.67;62.83
3;15.67;62.57
2;15.67;62.15
4;15.67;62.02
1;15.67;61.3
2;15.67;60.8
4;15.67;60.49
8;15.67;60.23
8;15.67;60.23
1;15.67;59.72
6;15.67;59.56
2;15.67;59.02
2;15.67;58.87
1;15.67;58.86
1;15.67;58.69
5;15.67;57.84
4;15.67;57.51
4;15.67;57.51
7;15.67;56.79
2;15.67;55.35
1;15.67;54.99
1;15.65;56.48
1;15.65;51.85
3;15.64;55.96
6;15.64;54.64
2;15.63;68.68
1;15.63;67.71
2;15.63;67.26
1;15.63;66.74
1;15.63;66.56
2;15.63;66.41
1;15.63;66.26
3;15.63;66.12
3;15.63;66.01
3;15.63;66.01
9;15.63;65.99
1;15.63;65.46
1;15.63;65.36
3;15.63;64.36
7;15.63;63.94
1;15.63;63.7
1;15.63;63.62
7;15.63;63.53
5;15.63;63.01
3;15.63;62.68
1;15.63;62.5
1;15.63;62.01
1;15.63;61.88
5;15.63;61.64
1;15.63;61.11
2;15.63;61.03
7;15.63;60.41
2;15.63;60.05
7;15.63;59.88
2;15.63;58.82
1;15.63;58.64
1;15.63;58.64
1;15.63;56.06
1;15.63;55.55
1;15.63;55.49
2;15.63;52.26
1;15.62;53.18
3;15.61;58.27
3;15.61;57.39
1;15.61;57.33
1;15.61;56.79
3;15.61;54.31
2;15.61;53.72
8;15.6;69.55
1;15.6;69.39
3;15.6;68.4
2;15.6;67.14
6;15.6;66.83
1;15.6;66.69
2;15.6;65.96
2;15.6;65.76
2;15.6;65.76
2;15.6;65.76
7;15.6;65.42
8;15.6;65.42
2;15.6;65.04
2;15.6;65.04
1;15.6;64.89
4;15.6;64.71
3;15.6;64.5
1;15.6;64.39
1;15.6;64.16
1;15.6;64.02
3;15.6;63.63
3;15.6;63.19
1;15.6;62.58
1;15.6;62.55
2;15.6;62.06
1;15.6;61.98
2;15.6;61.98
2;15.6;61.98
1;15.6;61.93
1;15.6;61.89
1;15.6;61.29
2;15.6;61.22
4;15.6;60.96
1;15.6;60.6
1;15.6;60.6
2;15.6;59.93
2;15.6;59.69
9;15.6;59.58
9;15.6;59.58
9;15.6;59.58
2;15.6;59.34
2;15.6;59.34
2;15.6;59.34
2;15.6;59.34
3;15.6;59.19
1;15.6;58.84
2;15.6;58.78
2;15.6;58.78
4;15.6;58.64
6;15.6;58.42
2;15.6;58.22
2;15.6;57.85
2;15.6;57.85
2;15.6;57.77
4;15.6;57.42
8;15.6;57.19
3;15.6;57.11
2;15.6;56.62
7;15.6;56.52
5;15.6;55.8
5;15.6;55.8
1;15.6;55.49
2;15.6;55.09
2;15.6;55.09
2;15.6;54.98
1;15.6;53.36
1;15.6;51.1
3;15.6;50.92
4;15.6;50.65
1;15.59;58.79
2;15.59;57.7
2;15.59;53.05
2;15.59;53.05
1;15.59;52.96
4;15.59;50.06
3;15.58;57.76
2;15.58;56.49
1;15.58;56.33
2;15.58;52.85
1;15.58;52.12
1;15.57;69.03
2;15.57;68.45
5;15.57;67.77
1;15.57;66.82
2;15.57;66.71
3;15.57;66.7
1;15.57;66.55
2;15.57;65.03
2;15.57;64.68
3;15.57;64.68
1;15.57;64.44
5;15.57;64.29
2;15.57;64.24
2;15.57;64.19
4;15.57;63.95
1;15.57;63.83
2;15.57;63.2
2;15.57;63.1
5;15.57;62.94
2;15.57;62.6
3;15.57;62.36
2;15.57;62.22
2;15.57;61.46
6;15.57;61.39
3;15.57;61.34
1;15.57;60.52
1;15.57;60.45
2;15.57;60.12
3;15.57;60.03
1;15.57;59.71
2;15.57;59.02
1;15.57;58.33
2;15.57;58.01
4;15.57;57.73
4;15.57;57.73
2;15.57;57.08
2;15.57;57.08
1;15.57;56.16
1;15.56;60.02
1;15.56;57.84
1;15.56;52.01
1;15.55;67.56
1;15.55;56.86
1;15.55;56.59
3;15.54;56.81
3;15.54;56.81
1;15.54;56.51
1;15.54;53.14
1;15.54;53.14
1;15.54;52.12
1;15.54;51.81
2;15.54;51.42
2;15.54;50.8
2;15.53;68.78
2;15.53;68.78
2;15.53;68.78
1;15.53;68.49
1;15.53;68.49
1;15.53;67.84
2;15.53;67.69
7;15.53;66.7
1;15.53;66.58
2;15.53;66.56
2;15.53;66.39
3;15.53;66.2
3;15.53;66.2
1;15.53;66.18
5;15.53;65.87
5;15.53;65.87
1;15.53;65.19
3;15.53;64.99
2;15.53;64.58
3;15.53;64.22
3;15.53;64.12
1;15.53;64
4;15.53;63.96
4;15.53;63.89
4;15.53;63.89
7;15.53;63.89
2;15.53;63.86
2;15.53;63.75
2;15.53;63.49
2;15.53;62.98
2;15.53;62.98
5;15.53;62.75
1;15.53;62.66
1;15.53;62.28
1;15.53;62.28
2;15.53;61.38
2;15.53;60.93
6;15.53;60.85
3;15.53;60.83
2;15.53;60.52
2;15.53;60.16
4;15.53;59.82
4;15.53;59.82
7;15.53;59.72
8;15.53;59.59
1;15.53;59.44
5;15.53;59.23
7;15.53;59.22
2;15.53;59.06
2;15.53;59.01
1;15.53;58.94
1;15.53;58.48
2;15.53;58.43
2;15.53;58.43
2;15.53;57.66
4;15.53;56.39
1;15.53;55.12
5;15.53;54.17
7;15.53;53.46
4;15.53;52.37
7;15.53;52.13
2;15.53;50.47
2;15.52;61.515
2;15.52;59.01
1;15.52;56.35
1;15.52;56.27
1;15.52;54.26
1;15.51;54.83
1;15.51;54.17
3;15.5;69.62
2;15.5;68.25
2;15.5;68.25
3;15.5;67.35
2;15.5;67.19
1;15.5;66.77
2;15.5;66.75
2;15.5;66.75
4;15.5;65.88
3;15.5;65.42
2;15.5;65.37
2;15.5;65.31
2;15.5;65.31
1;15.5;65.27
2;15.5;65.24
2;15.5;65.24
3;15.5;64.71
1;15.5;64.58
3;15.5;64.54
4;15.5;63.93
4;15.5;63.93
2;15.5;63.79
1;15.5;63.42
1;15.5;63.26
3;15.5;62.3
6;15.5;61.84
4;15.5;61.69
1;15.5;61.41
3;15.5;60.89
2;15.5;60.75
2;15.5;60.74
3;15.5;60.3
2;15.5;59.97
2;15.5;59.97
2;15.5;59.72
2;15.5;59.34
2;15.5;59.24
2;15.5;59.05
2;15.5;58.75
2;15.5;58.7
2;15.5;58.7
3;15.5;57.55
3;15.5;57.55
2;15.5;57.51
2;15.5;55.98
1;15.5;55.77
1;15.5;55.77
1;15.5;55.77
1;15.5;55.3
2;15.5;55.14
1;15.5;52.23
2;15.5;51.79
1;15.49;57.24
1;15.49;56.4
1;15.49;54.69
4;15.48;57.11
1;15.48;56.79
1;15.48;54.02
1;15.48;52.27
1;15.47;69.97
8;15.47;69.92
2;15.47;69.78
2;15.47;68.84
1;15.47;67.06
1;15.47;67.06
5;15.47;66.91
1;15.47;66.88
2;15.47;66.79
2;15.47;66.79
5;15.47;65.96
1;15.47;65.74
1;15.47;65.74
1;15.47;65.34
2;15.47;65.27
2;15.47;65.27
6;15.47;65.06
1;15.47;64.89
1;15.47;64.46
3;15.47;64.37
1;15.47;64.15
5;15.47;64.05
1;15.47;63.86
1;15.47;63.84
1;15.47;63.32
9;15.47;62.96
8;15.47;62.87
1;15.47;62.77
2;15.47;62.63
1;15.47;62.57
1;15.47;62.57
1;15.47;62.19
1;15.47;62.01
4;15.47;61.97
1;15.47;61.92
1;15.47;61.89
4;15.47;61.69
2;15.47;61.57
2;15.47;61.49
3;15.47;61.49
1;15.47;61.11
7;15.47;61.07
7;15.47;61.07
7;15.47;61.07
2;15.47;60.79
1;15.47;60.78
1;15.47;60.65
1;15.47;60.57
2;15.47;60.11
4;15.47;59.43
1;15.47;59.3
1;15.47;59.3
5;15.47;58.59
1;15.47;58.31
1;15.47;58.08
2;15.47;57.98
1;15.47;57.8
6;15.47;57.54
6;15.47;57.54
2;15.47;57.3
1;15.47;57.27
4;15.47;56.82
7;15.47;56.61
1;15.47;56.39
1;15.47;56.14
3;15.47;55.48
1;15.47;55.08
1;15.47;54.46
5;15.47;53.53
2;15.46;65.19
2;15.46;57.49
2;15.46;54.51
3;15.46;53.44
1;15.45;54.46
1;15.45;52.66
2;15.45;52.45
2;15.44;57.7
1;15.44;57.57
2;15.44;52.57
6;15.44;50.31
2;15.43;69.88
1;15.43;68.93
5;15.43;68.76
6;15.43;67.42
6;15.43;67.42
1;15.43;67.29
3;15.43;66.83
5;15.43;65.89
2;15.43;65.7
1;15.43;65.49
1;15.43;65.46
3;15.43;65.37
3;15.43;65.37
2;15.43;65.33
1;15.43;65.22
1;15.43;64.68
1;15.43;64.68
1;15.43;64.68
1;15.43;64.68
2;15.43;64.67
1;15.43;64.28
1;15.43;64.28
2;15.43;64.1
1;15.43;63.38
1;15.43;63.38
1;15.43;62.27
4;15.43;61.39
4;15.43;61.28
4;15.43;61.19
3;15.43;60.91
2;15.43;60.82
1;15.43;60.26
2;15.43;59.85
1;15.43;59.44
2;15.43;58.42
5;15.43;58.11
1;15.43;57.78
6;15.43;56.69
10;15.43;56.62
6;15.43;54.9
7;15.43;53.81
1;15.43;53.81
1;15.43;53.81
1;15.43;53.47
2;15.43;53.19
1;15.43;52.57
4;15.43;52.41
3;15.43;52.01
1;15.43;52.01
1;15.43;52.01
4;15.43;51.34
2;15.42;63.65
1;15.41;51.23
1;15.4;69.6
4;15.4;68.3
2;15.4;67.27
2;15.4;67.27
2;15.4;67.27
2;15.4;67.27
2;15.4;66.85
3;15.4;66.4
1;15.4;66.18
2;15.4;65.9
2;15.4;65.7
5;15.4;64.99
8;15.4;64.51
2;15.4;64.5
7;15.4;64.32
1;15.4;64.07
4;15.4;63.47
3;15.4;63.21
3;15.4;63.01
6;15.4;62.82
3;15.4;62.46
1;15.4;62.37
1;15.4;62.37
5;15.4;62.19
1;15.4;62.08
3;15.4;62.08
7;15.4;61.88
8;15.4;61.42
8;15.4;61.42
5;15.4;61.17
2;15.4;60.85
1;15.4;60.81
2;15.4;60.77
1;15.4;60.56
4;15.4;59.92
2;15.4;59.61
2;15.4;59.58
5;15.4;59.35
6;15.4;59.09
3;15.4;58.58
1;15.4;58.35
9;15.4;57.28
1;15.4;56.95
1;15.4;56.95
2;15.4;56.14
1;15.4;55.15
2;15.4;54.95
4;15.4;54.04
2;15.39;58.84
2;15.39;56.13
2;15.39;56.13
2;15.39;56.13
3;15.39;54.58
4;15.39;54.48
1;15.38;57.35
1;15.38;53.68
1;15.38;51.91
1;15.38;50.02
1;15.37;69.83
7;15.37;69.17
2;15.37;68.83
1;15.37;68.66
1;15.37;68.05
1;15.37;67.42
1;15.37;67.42
2;15.37;66.38
2;15.37;66.23
2;15.37;66.23
1;15.37;65.94
2;15.37;64.49
3;15.37;63.56
2;15.37;63.47
8;15.37;63.44
1;15.37;63.34
1;15.37;63.12
1;15.37;62.44
3;15.37;62.31
3;15.37;62.31
1;15.37;62.3
3;15.37;62.18
2;15.37;62.14
2;15.37;62.01
1;15.37;61.98
1;15.37;61.85
2;15.37;61.61
2;15.37;61.01
2;15.37;61.01
3;15.37;60.94
3;15.37;60.18
5;15.37;60.17
1;15.37;59.3
5;15.37;59.03
1;15.37;58.33
4;15.37;58.29
5;15.37;57.61
2;15.37;57.57
1;15.37;54.57
1;15.37;54.57
3;15.37;54.36
1;15.36;62.15
1;15.36;53.29
2;15.35;61.26
2;15.35;53.77
5;15.35;50.44
1;15.34;57.32
1;15.34;56.57
1;15.34;55.7
1;15.34;55
1;15.34;55
2;15.34;52.06
2;15.34;50.29
3;15.33;68.83
4;15.33;66.91
4;15.33;66.91
2;15.33;66.19
1;15.33;66.13
1;15.33;65.29
3;15.33;65.06
2;15.33;64.85
7;15.33;64.85
3;15.33;64.7
1;15.33;63.15
2;15.33;62.94
7;15.33;62.15
2;15.33;61.97
1;15.33;61.74
3;15.33;61.21
4;15.33;60.94
1;15.33;60.8
5;15.33;60.34
4;15.33;60
1;15.33;59.79
2;15.33;59.16
1;15.33;59.05
1;15.33;59.05
2;15.33;57.44
1;15.33;57.27
3;15.33;57.24
2;15.33;57.16
1;15.33;55.8
1;15.33;55.49
1;15.33;55.35
2;15.33;55.19
2;15.33;54.77
1;15.33;52.53
1;15.32;59.51
1;15.32;59.51
2;15.32;53.19
1;15.31;56.62
2;15.31;52.89
2;15.31;52.89
2;15.31;52
1;15.31;51.95
2;15.31;50.5
1;15.31;50.17
3;15.3;69.29
3;15.3;69.22
3;15.3;69.22
1;15.3;68.44
2;15.3;67.88
5;15.3;67.53
3;15.3;66.82
3;15.3;66.82
1;15.3;65.1
1;15.3;65.02
1;15.3;65.02
1;15.3;64.98
4;15.3;64.87
2;15.3;64.74
3;15.3;64.53
5;15.3;64.41
1;15.3;64.39
1;15.3;64.17
1;15.3;63.95
2;15.3;63.75
2;15.3;63.69
1;15.3;63.57
1;15.3;62.97
2;15.3;62.91
2;15.3;62.74
1;15.3;62.67
1;15.3;62.44
2;15.3;62.4
1;15.3;61.97
1;15.3;61.54
2;15.3;61.38
4;15.3;61.26
1;15.3;61.12
1;15.3;61.03
1;15.3;61.03
1;15.3;60.46
1;15.3;59.795
1;15.3;59.78
9;15.3;59.46
2;15.3;59.4
5;15.3;59.24
1;15.3;59.08
5;15.3;59.02
4;15.3;58.84
1;15.3;58.81
2;15.3;58.33
2;15.3;58.33
2;15.3;55.55
3;15.3;55.33
2;15.3;55.16
3;15.3;55.09
1;15.3;54.3
1;15.3;54.3
1;15.3;53.78
2;15.3;53.44
1;15.3;52.98
2;15.3;52.7
1;15.3;52.6
4;15.3;52.16
1;15.3;52.03
2;15.3;50.63
1;15.29;59.24
1;15.29;58.49
1;15.29;51.41
1;15.29;50.63
1;15.28;61.98
1;15.28;57.28
1;15.28;53.49
1;15.28;51.06
1;15.27;69.64
1;15.27;69.64
1;15.27;68.21
6;15.27;67.37
2;15.27;66.6
1;15.27;65.63
4;15.27;65.46
5;15.27;65.3
1;15.27;64.82
8;15.27;64.29
2;15.27;64.25
2;15.27;64.25
3;15.27;64.07
2;15.27;63.75
1;15.27;63.59
3;15.27;62.98
2;15.27;62.95
5;15.27;62.82
2;15.27;62.77
2;15.27;62.56
3;15.27;61.51
1;15.27;61.14
1;15.27;60.92
1;15.27;60.74
1;15.27;60.74
3;15.27;60.72
4;15.27;60.64
1;15.27;59.8
1;15.27;59.52
1;15.27;59.25
6;15.27;59.25
5;15.27;59.09
1;15.27;58.97
1;15.27;58.97
1;15.27;58.64
1;15.27;58.64
1;15.27;57.91
1;15.27;56.05
1;15.27;55.93
1;15.27;55.51
1;15.27;55.51
1;15.27;55.31
5;15.27;55.17
2;15.27;54.38
8;15.27;54.07
1;15.27;52.22
2;15.27;50.01
1;15.26;59.07
1;15.26;56.22
1;15.26;52.75
2;15.25;68.14
1;15.25;59.01
1;15.24;53.84
1;15.24;53.84
2;15.24;51.33
2;15.23;69.37
2;15.23;69.37
2;15.23;69.37
6;15.23;69.03
6;15.23;69.03
1;15.23;68.45
1;15.23;68.19
2;15.23;67.83
1;15.23;66.46
1;15.23;66.46
1;15.23;66.42
7;15.23;65.82
7;15.23;65.65
1;15.23;65.6
2;15.23;65.08
2;15.23;64.88
2;15.23;64.39
2;15.23;64.24
1;15.23;63.99
1;15.23;63.98
5;15.23;63.4
2;15.23;63.29
1;15.23;61.34
2;15.23;61.27
1;15.23;59.75
1;15.23;59.75
2;15.23;59.64
2;15.23;59.18
1;15.23;58.61
1;15.23;58.13
1;15.23;57.29
1;15.23;56.8
2;15.23;55.72
2;15.23;55.39
2;15.23;54.67
2;15.23;54.67
2;15.23;54.67
1;15.23;54.54
2;15.23;54.46
1;15.23;51.06
5;15.23;50.96
1;15.22;60.72
1;15.22;59.31
1;15.22;55.61
1;15.22;55.61
6;15.22;55.39
1;15.22;53.87
1;15.21;55.59
1;15.21;54.86
1;15.21;54.15
1;15.21;53.55
3;15.21;53.3
1;15.21;52.95
1;15.21;52.66
1;15.21;52.66
1;15.21;50.99
3;15.2;69.78
2;15.2;69.6
2;15.2;69.31
2;15.2;68.15
4;15.2;66.03
1;15.2;65.53
4;15.2;65.18
1;15.2;65.09
5;15.2;64.9
1;15.2;64.67
1;15.2;64.51
5;15.2;63.4
2;15.2;63.39
2;15.2;63.39
4;15.2;63.19
3;15.2;62.54
1;15.2;62.08
3;15.2;61.76
7;15.2;61.62
7;15.2;61.62
7;15.2;61.62
9;15.2;61.33
2;15.2;61.29
1;15.2;61.23
1;15.2;60.78
1;15.2;60.68
3;15.2;60.52
8;15.2;59.43
2;15.2;59.34
2;15.2;59.34
5;15.2;58.76
4;15.2;58.21
1;15.2;57.9
1;15.2;56.73
5;15.2;56.65
6;15.2;55.99
1;15.2;54.37
5;15.2;54.04
1;15.2;53.36
3;15.2;51.36
1;15.2;50.74
2;15.2;50.42
1;15.19;59.38
2;15.19;57.06
2;15.19;56.97
1;15.19;55.07
1;15.19;52.11
1;15.19;51.71
1;15.19;50.76
1;15.19;50.52
1;15.18;58.43
1;15.18;58.43
5;15.18;54.9
1;15.18;54.89
1;15.18;54.89
2;15.18;54.13
1;15.17;69.43
1;15.17;68.28
8;15.17;68.03
3;15.17;67.57
1;15.17;67.54
1;15.17;67.3
1;15.17;67.3
2;15.17;66.74
3;15.17;66.53
2;15.17;66.4
1;15.17;66.35
1;15.17;65.48
1;15.17;65.39
1;15.17;65.22
1;15.17;64.91
8;15.17;64.68
1;15.17;64.35
5;15.17;63.49
5;15.17;62.56
2;15.17;62.08
2;15.17;61.85
2;15.17;61.67
5;15.17;61.65
5;15.17;61.65
3;15.17;61.4
1;15.17;61.24
2;15.17;61.05
3;15.17;60.83
2;15.17;60.77
2;15.17;60.68
1;15.17;59.98
9;15.17;59.05
1;15.17;58.14
1;15.17;57.98
1;15.17;57.73
1;15.17;57.73
1;15.17;57.32
7;15.17;56.92
1;15.17;56.8
1;15.17;56.35
2;15.17;55.83
2;15.17;55.83
1;15.17;50.89
3;15.16;57.675
2;15.16;52.34
2;15.16;50.55
2;15.15;68
1;15.15;59.34
1;15.15;59.34
1;15.15;55.14
2;15.15;50.51
6;15.14;58.52
2;15.13;69.96
2;15.13;68.26
1;15.13;67.72
1;15.13;67.3
1;15.13;67.3
2;15.13;66.97
1;15.13;66.64
2;15.13;66.52
2;15.13;66.15
1;15.13;65.21
1;15.13;65.19
1;15.13;65.13
2;15.13;64.8
2;15.13;64.8
1;15.13;64.66
2;15.13;64.33
1;15.13;63.53
2;15.13;63.51
2;15.13;63.26
2;15.13;63.26
2;15.13;63.23
10;15.13;63.1
1;15.13;62.94
1;15.13;62.85
2;15.13;62.79
2;15.13;62.76
3;15.13;62.18
5;15.13;61.7
4;15.13;61.08
4;15.13;61.08
1;15.13;60.6
5;15.13;60.37
7;15.13;59.44
1;15.13;58.87
2;15.13;57.58
1;15.13;57.47
1;15.13;57.01
1;15.13;57
2;15.13;56.03
2;15.13;55.77
1;15.12;59.2
1;15.12;54.8
4;15.11;61.12
1;15.11;59.41
1;15.11;55.95
1;15.11;55.95
2;15.11;55.2
2;15.11;53.18
1;15.11;50.53
9;15.1;69.71
2;15.1;69.57
3;15.1;68.47
1;15.1;67.41
3;15.1;67.3
1;15.1;66.12
5;15.1;65.87
2;15.1;65.71
3;15.1;65.64
8;15.1;65.44
4;15.1;64.71
1;15.1;64.67
2;15.1;64.41
1;15.1;64.4
2;15.1;64.3
2;15.1;64.16
7;15.1;63.66
2;15.1;62.66
2;15.1;62.66
1;15.1;61.93
7;15.1;61.82
1;15.1;61.62
6;15.1;61.11
2;15.1;60.99
2;15.1;60.59
1;15.1;60.4
1;15.1;60.04
2;15.1;59.78
2;15.1;59.35
2;15.1;59.09
2;15.1;59.05
6;15.1;59.03
1;15.1;58.75
6;15.1;58.24
2;15.1;57.76
2;15.1;57.51
2;15.1;57.51
1;15.1;56.88
1;15.1;56.88
1;15.1;56.88
2;15.1;56.74
2;15.1;56.05
2;15.1;56.05
1;15.1;54.41
1;15.1;54.41
1;15.1;54.3
4;15.1;52.77
2;15.1;52.01
2;15.1;51.76
1;15.1;51.72
1;15.09;60.07
1;15.09;59.61
1;15.09;59.61
5;15.09;56.26
1;15.09;55.19
1;15.09;54.74
1;15.09;54.74
2;15.09;53.17
2;15.09;53.17
2;15.09;50.18
2;15.08;52.58
2;15.08;50.11
2;15.07;68.99
8;15.07;68.28
8;15.07;68.28
1;15.07;68.2
2;15.07;67.79
4;15.07;67.77
2;15.07;67.37
1;15.07;67.14
1;15.07;66.53
2;15.07;66.53
2;15.07;66.53
4;15.07;66.41
2;15.07;66.2
4;15.07;65.55
2;15.07;65.4
2;15.07;64.45
2;15.07;64.2
1;15.07;64.18
8;15.07;63.79
2;15.07;63.07
4;15.07;63.02
4;15.07;63.02
2;15.07;62.54
1;15.07;62.09
8;15.07;62.07
2;15.07;61.99
2;15.07;61.99
2;15.07;61.99
1;15.07;61.96
4;15.07;61.78
1;15.07;61.7
3;15.07;61.67
3;15.07;61.55
2;15.07;61.29
1;15.07;60.8
1;15.07;60.69
2;15.07;60.6
2;15.07;60.23
5;15.07;60.22
1;15.07;59.88
1;15.07;59.88
2;15.07;59.85
1;15.07;58.99
3;15.07;58.83
3;15.07;58.83
1;15.07;58.48
1;15.07;58.48
1;15.07;58.46
1;15.07;58.01
2;15.07;57.76
6;15.07;57.74
6;15.07;57.74
1;15.07;57.4
1;15.07;55.59
2;15.07;54.71
3;15.07;54.14
3;15.07;54.14
1;15.07;53.66
1;15.07;52
1;15.07;50.37
1;15.07;50.37
2;15.07;50.19
1;15.06;58.81
2;15.06;58.03
4;15.06;51.67
1;15.06;50.62
2;15.05;53.84
4;15.05;51.63
1;15.05;50.87
1;15.04;55.87
1;15.04;54.99
1;15.04;52.82
1;15.04;52.44
1;15.03;69.78
1;15.03;69.78
1;15.03;69.78
6;15.03;69.49
3;15.03;69.13
2;15.03;67.98
2;15.03;67.88
3;15.03;67.27
2;15.03;66.63
1;15.03;66.21
3;15.03;66.16
2;15.03;65.98
2;15.03;65.98
1;15.03;65.7
1;15.03;65.7
1;15.03;64.99
1;15.03;64.99
2;15.03;64.89
2;15.03;64.55
3;15.03;64.53
4;15.03;64.32
8;15.03;64.19
8;15.03;64.19
1;15.03;64.15
1;15.03;64.15
4;15.03;63.87
1;15.03;63.73
2;15.03;63.33
1;15.03;62.98
1;15.03;62.5
3;15.03;61.83
3;15.03;61.83
2;15.03;61.55
1;15.03;61.47
2;15.03;61.34
1;15.03;61.05
3;15.03;60.89
1;15.03;59.91
1;15.03;59.78
2;15.03;59.59
1;15.03;59.51
1;15.03;59.49
6;15.03;59.29
1;15.03;58.56
5;15.03;57.93
3;15.03;57.72
1;15.03;56.52
1;15.03;54.74
1;15.03;54.38
5;15.03;54.19
1;15.03;53.74
2;15.02;57.57
2;15.02;57.57
1;15.02;54.75
1;15.02;54.03
4;15.02;54
1;15.01;61.61
1;15;69.91
2;15;69.49
1;15;68.07
5;15;68.01
7;15;67.75
1;15;67.27
1;15;67.13
3;15;66.9
1;15;66.77
4;15;66.71
4;15;65.4
1;15;65.19
2;15;64.67
2;15;64.67
5;15;64.64
5;15;64.64
3;15;64.62
3;15;64.62
2;15;63.99
2;15;63.99
2;15;63.99
2;15;63.99
1;15;63.8
5;15;63.45
2;15;63.06
1;15;62.92
4;15;62.64
1;15;62.54
1;15;62.54
1;15;62.54
2;15;62.36
2;15;62.36
1;15;62.25
3;15;62.14
1;15;62.08
2;15;61.85
2;15;61.39
1;15;61.36
2;15;61.05
4;15;60.07
2;15;59.97
1;15;59.92
2;15;59.63
2;15;58.97
1;15;58.06
1;15;57.84
1;15;57.84
1;15;57.84
1;15;57.84
1;15;57.84
2;15;57.32
7;15;56.95
4;15;56.63
2;15;56.54
3;15;56.26
5;15;54.46
3;15;52.29
2;14.99;57.2
1;14.99;54.82
1;14.99;53.53
2;14.98;59.21
2;14.98;57.49
1;14.98;56.76
3;14.98;56.62
3;14.98;56.62
3;14.98;56.62
2;14.98;53.9
1;14.98;53.16
1;14.98;52.54
1;14.98;51.12
3;14.97;69.21
1;14.97;68.07
2;14.97;67.18
7;14.97;66.94
2;14.97;66.61
3;14.97;66.58
3;14.97;66.58
1;14.97;66.55
1;14.97;65.35
7;14.97;65.01
10;14.97;64.99
1;14.97;64.05
1;14.97;64.01
1;14.97;64.01
2;14.97;63.89
4;14.97;63.66
2;14.97;63.51
2;14.97;62.9
1;14.97;62.47
4;14.97;62.27
4;14.97;62.27
1;14.97;62.26
2;14.97;62.16
2;14.97;61.97
3;14.97;61.86
2;14.97;61.66
1;14.97;61.52
1;14.97;61.39
1;14.97;61.28
3;14.97;60.88
2;14.97;60.45
2;14.97;60.45
2;14.97;59.69
1;14.97;59.46
1;14.97;59.46
1;14.97;59.21
1;14.97;59.09
8;14.97;58.04
2;14.97;57.99
2;14.97;57.99
7;14.97;57.97
7;14.97;57.97
1;14.97;57.85
2;14.97;57.26
2;14.97;57.01
5;14.97;57
1;14.97;56.03
1;14.97;55.82
1;14.97;54.11
1;14.97;53.75
1;14.97;51.02
6;14.97;50.59
1;14.96;58.03
1;14.96;56.47
2;14.96;53.98
1;14.96;53.44
1;14.96;51.44
1;14.95;55.65
6;14.95;55.09
2;14.95;54.13
1;14.94;67
1;14.94;54.57
3;14.93;68.01
3;14.93;67.87
1;14.93;66.11
3;14.93;65.57
7;14.93;65.14
2;14.93;65.14
1;14.93;64.45
2;14.93;64.17
2;14.93;64.17
2;14.93;63.91
6;14.93;63.76
4;14.93;62.75
2;14.93;62.67
1;14.93;62.5
3;14.93;62.37
5;14.93;61.89
2;14.93;61.73
1;14.93;61.18
1;14.93;61.05
1;14.93;60.88
1;14.93;60.4
1;14.93;60.3
6;14.93;59.22
6;14.93;59.22
1;14.93;58.96
1;14.93;58.94
1;14.93;58.89
2;14.93;58.78
8;14.93;58.73
1;14.93;58.63
2;14.93;58.61
2;14.93;58.38
4;14.93;57.97
1;14.93;57.62
3;14.93;57.53
2;14.93;57.17
2;14.93;57.17
2;14.93;56.95
5;14.93;56.11
1;14.93;53.19
2;14.93;53.1
1;14.92;59.06
2;14.92;58.72
2;14.92;56.94
2;14.92;56.17
1;14.92;50.92
1;14.91;55.28
1;14.91;54.81
1;14.91;54.1
1;14.91;51.94
1;14.91;51.54
5;14.9;69.99
3;14.9;68.98
2;14.9;68.29
2;14.9;68.29
3;14.9;67.37
3;14.9;67.37
2;14.9;66.49
2;14.9;66.49
2;14.9;66.49
5;14.9;66.4
2;14.9;66.36
7;14.9;65.75
2;14.9;65.42
2;14.9;65.27
2;14.9;65.27
2;14.9;65.27
3;14.9;65.22
4;14.9;65.16
1;14.9;64.91
6;14.9;64.5
4;14.9;64.45
2;14.9;64.41
3;14.9;63.79
2;14.9;63.71
2;14.9;63.67
2;14.9;63.35
2;14.9;63.35
2;14.9;63.29
1;14.9;63.22
1;14.9;62.84
2;14.9;62.61
2;14.9;62.55
2;14.9;62.55
2;14.9;62.55
2;14.9;62.37
1;14.9;62.24
3;14.9;61.97
2;14.9;61.75
2;14.9;61.75
2;14.9;61.75
4;14.9;61.21
1;14.9;60.84
3;14.9;60.43
2;14.9;60.17
2;14.9;60.13
2;14.9;60.13
2;14.9;59.96
1;14.9;59.25
1;14.9;59.07
2;14.9;58.99
2;14.9;58.99
1;14.9;58.98
2;14.9;58.9
6;14.9;58.59
1;14.9;58.42
4;14.9;57.93
2;14.9;57.9
1;14.9;57.71
4;14.9;56.85
1;14.9;56.1
4;14.9;55.34
2;14.9;54.52
1;14.9;54.44
2;14.9;53.89
5;14.9;53.49
2;14.9;52.92
2;14.9;52.92
2;14.9;52.83
1;14.89;59.755
1;14.89;57.78
1;14.89;56.51
1;14.89;53.49
1;14.89;52.07
1;14.88;57.22
2;14.88;50.99
3;14.87;69.92
3;14.87;69.92
3;14.87;69.92
9;14.87;69.04
1;14.87;69
2;14.87;68.94
2;14.87;67.99
1;14.87;67.42
2;14.87;66.92
2;14.87;65.98
1;14.87;65.62
3;14.87;65.61
2;14.87;65.06
1;14.87;64.52
1;14.87;64.52
2;14.87;64.32
1;14.87;64.26
1;14.87;63.63
1;14.87;63.62
2;14.87;63.48
1;14.87;63.29
2;14.87;62.64
1;14.87;62.48
6;14.87;62.2
2;14.87;61.98
1;14.87;61.54
4;14.87;60.92
2;14.87;60.81
8;14.87;60.68
7;14.87;60.27
1;14.87;60.06
2;14.87;59.83
7;14.87;58.83
7;14.87;58.83
7;14.87;58.83
1;14.87;58.7
4;14.87;58.6
6;14.87;58.4
6;14.87;58.4
1;14.87;58.35
2;14.87;57.72
1;14.87;56.84
1;14.87;56.66
1;14.87;56.66
4;14.87;55.55
1;14.87;55.19
2;14.87;54.43
4;14.87;54.03
1;14.87;52.85
2;14.87;52.49
2;14.87;52.49
1;14.87;50.66
2;14.86;64.03
2;14.86;64.03
2;14.86;54.51
3;14.86;52.74
1;14.86;50.81
2;14.85;56.04
1;14.85;55.09
1;14.85;50.06
5;14.84;59.92
3;14.84;56.22
1;14.84;53.74
1;14.83;69.6
3;14.83;68.94
3;14.83;67.85
3;14.83;67.24
1;14.83;67.1
8;14.83;66.91
1;14.83;66.23
1;14.83;66.01
4;14.83;65.62
1;14.83;64.37
2;14.83;64.06
1;14.83;64.02
1;14.83;63.99
2;14.83;63.82
2;14.83;63.04
4;14.83;62.36
6;14.83;62.3
7;14.83;62.26
7;14.83;62.26
4;14.83;61.75
2;14.83;61.74
2;14.83;61.39
2;14.83;61.27
5;14.83;61.15
2;14.83;60.93
2;14.83;60.93
2;14.83;60.93
4;14.83;60.81
2;14.83;60.19
2;14.83;60.19
3;14.83;59.86
2;14.83;59.63
2;14.83;59.63
4;14.83;59.09
4;14.83;59.04
9;14.83;59.02
1;14.83;57.85
2;14.83;56.16
3;14.83;56.12
8;14.83;55.96
4;14.83;54.8
4;14.83;54.8
1;14.83;53.36
3;14.83;53
1;14.83;52.75
2;14.83;52.39
1;14.83;51.89
1;14.83;51.52
1;14.82;56.47
2;14.82;54.16
2;14.81;62.45
1;14.81;55.44
2;14.81;51.65
4;14.8;69.22
6;14.8;68.19
4;14.8;67.4
4;14.8;67.4
4;14.8;67.28
1;14.8;66.88
4;14.8;66.78
3;14.8;66.51
1;14.8;66.12
1;14.8;65.62
3;14.8;65.48
3;14.8;65.48
4;14.8;65.37
6;14.8;64.96
1;14.8;64.75
2;14.8;64.74
4;14.8;64.7
2;14.8;64.51
4;14.8;64.48
3;14.8;64.29
3;14.8;64.05
2;14.8;63.91
5;14.8;63.68
5;14.8;63.68
2;14.8;63.32
2;14.8;63.28
1;14.8;63.27
3;14.8;63.26
3;14.8;63.26
2;14.8;62.71
2;14.8;62.49
2;14.8;62.48
2;14.8;62.48
2;14.8;62.12
1;14.8;62.03
3;14.8;61.94
2;14.8;61.84
2;14.8;61.76
1;14.8;61.67
6;14.8;61.5
2;14.8;61.4
3;14.8;61.19
1;14.8;61.16
7;14.8;60.35
2;14.8;59.96
2;14.8;59.53
5;14.8;59.33
4;14.8;59.09
1;14.8;58.84
2;14.8;58.7
3;14.8;57.9
2;14.8;56.51
3;14.8;56.33
2;14.8;54.23
1;14.8;53.12
2;14.79;57.51
1;14.79;54.25
1;14.78;54.5
1;14.78;51.61
2;14.77;69.34
2;14.77;69.34
3;14.77;69.17
3;14.77;68.92
3;14.77;68.64
1;14.77;68.57
3;14.77;68.05
2;14.77;67.45
2;14.77;67.45
7;14.77;67.26
2;14.77;66.95
2;14.77;66.95
1;14.77;66.78
2;14.77;66.08
2;14.77;65.93
2;14.77;65.59
2;14.77;65.59
10;14.77;65.37
3;14.77;65.28
2;14.77;65.27
3;14.77;65.22
4;14.77;64.82
1;14.77;64.53
1;14.77;64.53
1;14.77;64.53
1;14.77;63.72
9;14.77;63.61
6;14.77;63.59
2;14.77;63.38
1;14.77;62.76
4;14.77;62.36
1;14.77;61.91
1;14.77;61.74
1;14.77;61.74
2;14.77;61.67
2;14.77;61.67
4;14.77;61.51
4;14.77;61.25
1;14.77;61.19
2;14.77;61.07
3;14.77;60.95
3;14.77;60.78
2;14.77;60.77
1;14.77;60.67
3;14.77;60.5
1;14.77;60.11
9;14.77;60.07
2;14.77;59.5
1;14.77;59.23
1;14.77;59.23
2;14.77;59.16
2;14.77;59.16
1;14.77;59.09
2;14.77;58.98
2;14.77;58.95
3;14.77;57.24
5;14.77;57.2
3;14.77;56.93
5;14.77;56.56
1;14.77;56.46
1;14.76;59.93
1;14.76;55.36
1;14.75;58.27
1;14.75;54.97
2;14.74;59.31
1;14.74;56.58
1;14.74;53.82
1;14.74;53.82
2;14.74;52.75
3;14.74;51.37
2;14.73;69.8
2;14.73;69.8
2;14.73;69.04
2;14.73;69.04
2;14.73;69.04
2;14.73;69.04
2;14.73;69.04
6;14.73;68.66
2;14.73;67.68
6;14.73;67.62
3;14.73;66.46
3;14.73;66.32
1;14.73;65.73
2;14.73;64.87
1;14.73;64.67
4;14.73;64.41
5;14.73;63.35
6;14.73;62.4
1;14.73;62.15
2;14.73;61.91
6;14.73;61.89
2;14.73;61.89
2;14.73;61.67
5;14.73;61.36
2;14.73;61.2
1;14.73;61.02
5;14.73;60.95
1;14.73;60.92
2;14.73;60.84
5;14.73;60.68
2;14.73;59.95
2;14.73;59.2
2;14.73;58.29
6;14.73;57.78
1;14.73;57.51
2;14.73;57.33
6;14.73;56.91
2;14.73;56.22
5;14.73;55.92
1;14.73;55.67
1;14.73;53.83
2;14.73;53.37
2;14.73;51.18
2;14.73;50.31
2;14.72;57.13
2;14.72;55.65
1;14.72;52.69
2;14.72;52.3
1;14.72;51.76
1;14.71;54.4
4;14.71;53.17
1;14.7;68.99
2;14.7;68.29
2;14.7;68.2
3;14.7;67.65
1;14.7;67.5
2;14.7;67.34
2;14.7;66.1
3;14.7;65.89
1;14.7;65.32
2;14.7;64.94
2;14.7;64.94
1;14.7;64.17
1;14.7;64.17
1;14.7;63.18
1;14.7;63.13
1;14.7;63.13
3;14.7;62.53
2;14.7;62.08
1;14.7;61.96
2;14.7;61.86
1;14.7;61.71
3;14.7;61.57
3;14.7;61.27
1;14.7;61.18
2;14.7;60.66
2;14.7;60.66
2;14.7;60.5
1;14.7;59.26
1;14.7;59.24
1;14.7;59.24
1;14.7;59.24
3;14.7;59.16
2;14.7;58.3
2;14.7;58.3
1;14.7;57.99
1;14.7;57.61
1;14.7;57.51
4;14.7;56.18
2;14.7;56.13
1;14.7;56.05
1;14.7;55.83
1;14.7;55.67
1;14.7;55.39
1;14.7;54.59
5;14.7;54.56
1;14.7;51.36
2;14.68;51.32
3;14.67;69.12
2;14.67;68.62
3;14.67;67.96
7;14.67;67.83
7;14.67;67.83
1;14.67;67.72
1;14.67;67.53
3;14.67;66.12
1;14.67;65.91
2;14.67;65.9
10;14.67;65.85
2;14.67;65.7
2;14.67;65.55
1;14.67;65.5
2;14.67;65.04
4;14.67;64.95
10;14.67;64.89
2;14.67;64.7
2;14.67;64.39
2;14.67;64.39
1;14.67;63.97
2;14.67;63.58
1;14.67;63.49
1;14.67;63.49
5;14.67;62.05
4;14.67;61.82
3;14.67;61.81
1;14.67;61.79
1;14.67;61.49
3;14.67;61.42
2;14.67;61.21
4;14.67;61.19
1;14.67;61.14
2;14.67;61.09
1;14.67;60.92
1;14.67;60.9
3;14.67;60.8
1;14.67;60.65
2;14.67;60.33
10;14.67;60.21
2;14.67;60.08
9;14.67;60
1;14.67;59.59
1;14.67;59.33
1;14.67;58.98
1;14.67;58.98
1;14.67;58.57
2;14.67;58.35
2;14.67;58.35
4;14.67;58.24
2;14.67;58.17
2;14.67;57.9
6;14.67;57.82
6;14.67;57.82
10;14.67;57.68
2;14.67;57.27
1;14.67;56.59
10;14.67;56.16
6;14.67;55.99
1;14.67;55.66
3;14.67;55.39
1;14.67;54.8
2;14.67;54.54
3;14.67;54.36
1;14.67;52.96
1;14.66;52.59
2;14.65;68.14
3;14.65;67.56
2;14.65;57.95
8;14.65;51.4
1;14.63;69.4
3;14.63;69.3
1;14.63;68.74
1;14.63;68.7
2;14.63;67.59
1;14.63;67.3
1;14.63;66.21
2;14.63;65.09
2;14.63;65.09
1;14.63;64.93
1;14.63;64.79
2;14.63;64.62
2;14.63;64.62
2;14.63;64.33
2;14.63;64.33
2;14.63;63.82
2;14.63;63.4
4;14.63;63.38
3;14.63;63.28
3;14.63;63.28
2;14.63;63.2
3;14.63;62.68
1;14.63;62.61
5;14.63;62.48
5;14.63;62.48
5;14.63;62.08
7;14.63;61.73
3;14.63;61.68
2;14.63;61.46
5;14.63;61.42
6;14.63;60.85
7;14.63;60.39
5;14.63;60.13
3;14.63;59.91
1;14.63;59.87
3;14.63;59.83
2;14.63;59.4
3;14.63;59.16
3;14.63;59.16
1;14.63;58.81
1;14.63;58.24
1;14.63;56.16
2;14.63;56.02
2;14.63;54.96
1;14.63;53.76
2;14.63;52.62
1;14.63;50.59
2;14.63;50.28
1;14.62;51.63
1;14.61;53.11
1;14.61;52.47
2;14.6;69.83
2;14.6;69.13
6;14.6;68.89
1;14.6;68.44
1;14.6;68.16
2;14.6;68.13
2;14.6;67.71
2;14.6;67.29
2;14.6;67.29
1;14.6;67.27
3;14.6;66.78
3;14.6;66.78
3;14.6;66.78
1;14.6;66.42
1;14.6;66.42
1;14.6;66.42
1;14.6;66.12
2;14.6;66.08
1;14.6;65.88
2;14.6;65.83
2;14.6;65.83
2;14.6;65.83
2;14.6;65.54
2;14.6;65.18
8;14.6;65.13
1;14.6;65.12
4;14.6;64.96
1;14.6;64.93
5;14.6;64.92
2;14.6;64.38
2;14.6;64.35
1;14.6;64.33
2;14.6;64.32
1;14.6;64.27
1;14.6;64.23
2;14.6;64.18
1;14.6;63.99
2;14.6;63.75
2;14.6;63.75
2;14.6;63.57
2;14.6;63.42
1;14.6;62.55
2;14.6;62.33
1;14.6;62.3
1;14.6;61.91
1;14.6;61.91
1;14.6;61.9
2;14.6;61.73
1;14.6;61.68
1;14.6;61.39
1;14.6;61.39
1;14.6;60.58
2;14.6;60.54
5;14.6;60.49
2;14.6;60.43
2;14.6;60.43
2;14.6;60.43
6;14.6;60.36
6;14.6;60.36
1;14.6;60.09
1;14.6;60.04
4;14.6;59.05
1;14.6;58.92
2;14.6;58.84
2;14.6;58.64
1;14.6;58.64
2;14.6;58.6
3;14.6;58.46
2;14.6;58.12
1;14.6;56.95
2;14.6;56.12
1;14.6;54.66
1;14.6;54.64
1;14.6;54.53
1;14.6;54.53
2;14.6;54.36
2;14.6;54.36
2;14.6;54.36
2;14.6;53.17
3;14.6;52.01
2;14.6;51
2;14.59;59
1;14.59;54.69
1;14.59;53.1
2;14.58;57.79
1;14.58;57.76
2;14.58;51.21
1;14.58;50.77
1;14.57;68.49
1;14.57;68.17
2;14.57;66.38
2;14.57;66.38
6;14.57;65.73
2;14.57;65.48
1;14.57;65.11
7;14.57;64.59
3;14.57;64.5
3;14.57;64.5
6;14.57;64.4
6;14.57;64.26
2;14.57;64.22
1;14.57;63.83
1;14.57;63.44
3;14.57;63.31
1;14.57;63.14
1;14.57;62.68
2;14.57;62.27
1;14.57;61.92
6;14.57;58.92
5;14.57;58.9
5;14.57;58.9
1;14.57;57.76
1;14.57;57.26
2;14.57;56.39
1;14.57;56.22
1;14.57;56.22
6;14.57;55.53
1;14.57;54.6
2;14.57;54.5
10;14.57;54.02
1;14.57;52.9
2;14.57;52.43
2;14.57;52.43
2;14.57;50
1;14.56;57.66
1;14.56;57.66
1;14.56;57.66
1;14.55;54.42
1;14.55;54.42
2;14.55;52.74
1;14.55;51.11
1;14.54;55.84
1;14.54;55.4
1;14.54;55.2
1;14.54;53.97
1;14.53;69.23
6;14.53;68.24
2;14.53;67.91
1;14.53;66.83
2;14.53;66.78
3;14.53;66.32
4;14.53;65.87
1;14.53;65.59
4;14.53;65.57
2;14.53;65.52
1;14.53;65.37
2;14.53;65.22
2;14.53;65.22
5;14.53;65.17
1;14.53;65.03
1;14.53;65.03
2;14.53;64.75
5;14.53;64.37
2;14.53;63.76
6;14.53;63.69
2;14.53;63.64
1;14.53;63.55
4;14.53;63.37
1;14.53;62.82
2;14.53;62.02
2;14.53;62.02
1;14.53;61.83
9;14.53;61.61
1;14.53;61.54
1;14.53;61.54
2;14.53;61.39
2;14.53;61.38
3;14.53;61.12
1;14.53;61.1
1;14.53;61.08
1;14.53;60.84
1;14.53;60.52
1;14.53;59.8
1;14.53;58.88
1;14.53;58.88
1;14.53;58.44
6;14.53;57.82
7;14.53;56.46
1;14.53;56.09
2;14.53;55.38
2;14.53;55.38
2;14.53;55.38
1;14.53;54.52
2;14.53;54.37
2;14.53;54.37
5;14.53;54.13
1;14.53;52.39
2;14.52;53.87
8;14.52;53.04
1;14.51;53.79
1;14.51;52.35
1;14.51;50.56
5;14.5;69.82
2;14.5;69.31
2;14.5;67.84
8;14.5;67.28
2;14.5;67.06
2;14.5;66.71
1;14.5;66.62
1;14.5;66.09
2;14.5;65.5
1;14.5;65.4
1;14.5;65.4
3;14.5;65.11
2;14.5;64.94
2;14.5;64.94
3;14.5;64.36
2;14.5;64.19
3;14.5;64.1
3;14.5;64.1
1;14.5;64.06
1;14.5;64
2;14.5;63.72
1;14.5;63.66
1;14.5;63.35
4;14.5;63.24
1;14.5;63.1
5;14.5;63.02
2;14.5;62.97
7;14.5;62.89
1;14.5;62.8
2;14.5;62.48
1;14.5;62.43
2;14.5;62.42
1;14.5;61.64
1;14.5;59.77
1;14.5;59.77
1;14.5;59.31
8;14.5;59.18
2;14.5;59.11
1;14.5;58.96
1;14.5;58.95
2;14.5;58.92
3;14.5;58.91
3;14.5;58.7
2;14.5;58.58
2;14.5;57.28
2;14.5;57.28
1;14.5;57.18
1;14.5;57.17
1;14.5;56.74
1;14.5;54.95
2;14.5;53.64
1;14.5;53.36
2;14.5;52.67
2;14.5;52.67
1;14.5;52.21
2;14.5;50.66
1;14.49;54.19
2;14.49;53.96
1;14.49;52.86
1;14.49;52.61
1;14.49;51.99
1;14.48;58.86
1;14.48;54.47
1;14.48;52.29
3;14.48;50.26
3;14.47;69.22
3;14.47;69.22
3;14.47;68.93
3;14.47;67.79
1;14.47;67.76
6;14.47;67.46
1;14.47;67.19
2;14.47;65.27
4;14.47;65.27
2;14.47;64.59
1;14.47;64.28
3;14.47;64.12
1;14.47;64.11
3;14.47;64.05
1;14.47;63.92
2;14.47;63.91
2;14.47;63.89
8;14.47;63.86
4;14.47;63.39
4;14.47;63.39
2;14.47;63.23
1;14.47;62.81
2;14.47;62.19
4;14.47;62.06
1;14.47;61.91
1;14.47;61.9
2;14.47;61.82
2;14.47;61.11
3;14.47;60.85
1;14.47;60.81
2;14.47;60.39
3;14.47;59.95
1;14.47;59.95
2;14.47;59.62
2;14.47;59.62
2;14.47;59.57
2;14.47;59.57
10;14.47;59.3
2;14.47;59.26
3;14.47;58.33
2;14.47;57.99
6;14.47;57.77
2;14.47;57.42
2;14.47;55.66
3;14.47;54.5
4;14.47;53.66
1;14.47;52.6
2;14.46;56.72
7;14.46;54.52
1;14.45;54.72
1;14.44;63.09
1;14.44;54.27
2;14.44;53.65
1;14.44;53.51
2;14.44;51.3
1;14.44;50.39
2;14.43;69.79
2;14.43;68.28
2;14.43;68.28
5;14.43;68.24
2;14.43;67.86
2;14.43;67.67
2;14.43;67.67
2;14.43;67.56
2;14.43;67.56
1;14.43;67.06
4;14.43;66.7
6;14.43;66.56
2;14.43;66.51
4;14.43;66.1
1;14.43;65.25
1;14.43;65.24
2;14.43;64.85
2;14.43;64.85
1;14.43;63.89
1;14.43;63.66
5;14.43;63.4
1;14.43;62.63
1;14.43;62.48
7;14.43;62.17
2;14.43;61.65
1;14.43;60.98
2;14.43;60.88
1;14.43;60.75
6;14.43;60.66
2;14.43;60.27
2;14.43;59.77
2;14.43;59.44
2;14.43;59.26
2;14.43;59.23
1;14.43;59.17
1;14.43;59.17
1;14.43;58.87
1;14.43;58.09
2;14.43;57.66
2;14.43;57.66
1;14.43;55.66
1;14.43;55.66
1;14.43;54.32
1;14.42;56.68
1;14.42;51.27
1;14.41;60.15
1;14.41;59.02
1;14.41;57.14
2;14.41;57.05
1;14.41;50.59
7;14.4;69
2;14.4;68.84
2;14.4;68.84
3;14.4;68.07
1;14.4;67.83
2;14.4;67.3
1;14.4;67.17
2;14.4;66.98
2;14.4;66.76
2;14.4;66.58
1;14.4;65.97
1;14.4;65.97
3;14.4;65.96
1;14.4;65.52
2;14.4;65.31
2;14.4;65.07
2;14.4;65.07
5;14.4;64.75
1;14.4;64.72
1;14.4;64.34
8;14.4;64.16
2;14.4;63.97
1;14.4;63.63
1;14.4;63.52
7;14.4;63.39
1;14.4;63.35
1;14.4;63.35
3;14.4;63.29
1;14.4;63.19
7;14.4;62.73
2;14.4;62.65
2;14.4;62.65
1;14.4;62.61
1;14.4;62.56
2;14.4;62.54
2;14.4;62.25
1;14.4;61.94
1;14.4;61.94
1;14.4;61.94
2;14.4;61.94
2;14.4;61.94
1;14.4;61.78
1;14.4;61.75
2;14.4;61.57
2;14.4;61.57
2;14.4;61.57
1;14.4;61.33
1;14.4;61.3
1;14.4;61.14
1;14.4;60.55
1;14.4;60.23
1;14.4;59.5
4;14.4;59.17
1;14.4;58.88
2;14.4;58.87
2;14.4;58.87
1;14.4;58.49
3;14.4;58.39
1;14.4;57.86
2;14.4;57.32
4;14.4;56.92
2;14.4;56.87
1;14.4;56.22
6;14.4;55.19
2;14.4;54.08
1;14.4;53.28
2;14.4;53.01
1;14.4;52.18
1;14.4;51.3
1;14.4;51.3
1;14.39;58.84
1;14.39;52.66
3;14.39;52.64
1;14.39;50.58
1;14.39;50.58
1;14.38;52.04
2;14.37;69.64
2;14.37;68.64
1;14.37;68.57
1;14.37;68.19
2;14.37;68.02
2;14.37;67.86
1;14.37;67.3
2;14.37;66.88
1;14.37;66.76
7;14.37;66.5
1;14.37;66.41
2;14.37;65.74
1;14.37;65.11
1;14.37;65.1
1;14.37;64.93
1;14.37;64.35
2;14.37;63.89
6;14.37;62.96
2;14.37;62.94
4;14.37;62.71
3;14.37;62.68
1;14.37;62.66
2;14.37;62.66
4;14.37;62.13
2;14.37;62.11
2;14.37;62.03
6;14.37;61.39
2;14.37;61.24
2;14.37;61.24
5;14.37;61.05
1;14.37;60.71
2;14.37;60.44
2;14.37;60.44
2;14.37;60.43
4;14.37;60.24
1;14.37;59.98
1;14.37;59.73
1;14.37;59.73
5;14.37;59.57
5;14.37;59.57
1;14.37;59.1
5;14.37;59.09
2;14.37;58.93
9;14.37;58.84
3;14.37;58.74
2;14.37;58.21
2;14.37;56.66
1;14.37;55.61
1;14.37;53.4
1;14.37;53.17
1;14.37;52.97
1;14.37;52.97
4;14.37;50.8
1;14.36;52.19
2;14.36;51.66
1;14.35;54.89
1;14.35;51.11
3;14.34;57.72
1;14.34;56.83
8;14.34;54.84
8;14.34;54.84
1;14.34;53.21
1;14.34;52.12
1;14.33;69.64
1;14.33;68.54
1;14.33;68.54
1;14.33;68.26
1;14.33;67.91
3;14.33;66.82
4;14.33;66.13
1;14.33;65.37
1;14.33;64.94
1;14.33;64.68
9;14.33;64.52
9;14.33;64.52
1;14.33;64.36
3;14.33;64.35
2;14.33;64.17
3;14.33;64.06
5;14.33;63.63
2;14.33;63.59
7;14.33;63.5
2;14.33;62.98
1;14.33;62.47
2;14.33;62.21
3;14.33;62.17
2;14.33;61.98
2;14.33;61.84
1;14.33;61.36
1;14.33;61.36
2;14.33;60.89
6;14.33;60.66
1;14.33;60.54
1;14.33;60.52
2;14.33;60.52
1;14.33;60.27
1;14.33;59.81
2;14.33;59.7
5;14.33;58.86
1;14.33;58.64
1;14.33;58.64
3;14.33;58.59
3;14.33;58.59
5;14.33;58.43
4;14.33;57.96
1;14.33;57.22
1;14.33;57.22
4;14.33;57.21
2;14.33;56.84
2;14.33;56.32
2;14.33;55.91
3;14.33;55.89
2;14.33;53.76
1;14.33;53.28
1;14.33;52.26
3;14.33;50.94
1;14.33;50.14
1;14.32;55.14
2;14.32;52.42
2;14.32;51.97
3;14.31;52.46
5;14.31;51.09
1;14.3;69.84
1;14.3;69.84
2;14.3;69.02
2;14.3;69.02
1;14.3;67.74
1;14.3;67.35
1;14.3;66.79
2;14.3;66.77
2;14.3;66.77
1;14.3;65.71
2;14.3;65.55
2;14.3;65.55
2;14.3;64.38
2;14.3;64.35
2;14.3;64.17
2;14.3;64.17
2;14.3;63.75
5;14.3;63.66
5;14.3;63.66
2;14.3;63.41
2;14.3;63.41
5;14.3;62.92
1;14.3;62.66
1;14.3;62.66
1;14.3;62.65
2;14.3;62.64
4;14.3;62.42
1;14.3;62.42
1;14.3;62.28
2;14.3;62.19
2;14.3;62.19
1;14.3;62.05
2;14.3;62.03
3;14.3;61.74
1;14.3;61.69
2;14.3;61.51
1;14.3;61.23
2;14.3;61.12
1;14.3;60.71
9;14.3;60.58
4;14.3;60.15
3;14.3;60.12
1;14.3;59.81
2;14.3;59.38
2;14.3;58.39
2;14.3;57.68
1;14.3;57.59
1;14.3;57.59
1;14.3;57.4
2;14.3;57.23
2;14.3;57.23
2;14.3;57.23
1;14.3;56.7
3;14.3;56.43
3;14.3;55.59
3;14.3;53.55
2;14.3;53.43
1;14.3;52.92
1;14.29;55.95
2;14.29;54.63
1;14.29;54.16
1;14.29;50.85
1;14.28;53.02
3;14.27;69.51
1;14.27;68.67
1;14.27;67.66
6;14.27;67.24
6;14.27;67.24
2;14.27;66.88
2;14.27;66.88
3;14.27;66.71
2;14.27;66.54
2;14.27;66.52
2;14.27;66.38
3;14.27;65.64
8;14.27;65.42
2;14.27;65.28
1;14.27;65.19
6;14.27;64.78
3;14.27;64.55
3;14.27;64.55
2;14.27;64.53
1;14.27;63.44
1;14.27;63.02
2;14.27;62.39
2;14.27;61.72
1;14.27;61.61
9;14.27;61.6
5;14.27;61.39
5;14.27;61.39
1;14.27;61.34
4;14.27;61.02
1;14.27;60.86
1;14.27;60.86
2;14.27;60.78
2;14.27;60.78
2;14.27;60.72
2;14.27;60.72
2;14.27;60.66
2;14.27;60.58
1;14.27;60.52
1;14.27;59.97
1;14.27;59.8
1;14.27;59.44
4;14.27;58.77
2;14.27;58.74
1;14.27;58.65
1;14.27;58.65
3;14.27;58.35
1;14.27;58.01
4;14.27;57.95
1;14.27;57.89
1;14.27;57.82
4;14.27;57.27
1;14.27;56.58
5;14.27;55.28
2;14.27;54.9
5;14.27;54.82
2;14.27;54.6
2;14.27;54.02
2;14.27;54.02
1;14.27;51.69
6;14.27;50.76
1;14.27;50.39
1;14.26;55.27
1;14.26;54.83
1;14.26;51.38
2;14.26;50.78
1;14.25;62.01
2;14.25;57.82
2;14.25;57.7
2;14.25;53.32
2;14.23;68.32
2;14.23;67.76
1;14.23;67.11
2;14.23;66.79
2;14.23;66.79
2;14.23;66.79
2;14.23;66.61
1;14.23;66.48
2;14.23;66.26
3;14.23;64.76
2;14.23;64.73
2;14.23;64.72
2;14.23;64.03
2;14.23;63.76
2;14.23;63.25
5;14.23;63.22
3;14.23;63.1
2;14.23;62.91
6;14.23;62.6
1;14.23;62.46
3;14.23;61.82
3;14.23;61.42
1;14.23;61.39
1;14.23;60.69
1;14.23;59.44
1;14.23;59.3
1;14.23;59.3
2;14.23;59.22
2;14.23;59.22
1;14.23;58.73
1;14.23;58.73
10;14.23;55.19
1;14.23;54.3
2;14.23;53.97
2;14.23;53.97
2;14.23;53.78
1;14.23;52.6
1;14.23;51.91
1;14.23;51.31
1;14.22;58.45
1;14.22;58.45
1;14.22;57.56
1;14.22;57.56
7;14.22;50.08
2;14.21;58.4
1;14.21;57.09
2;14.21;56.64
1;14.21;55.83
2;14.2;69.66
1;14.2;67.98
5;14.2;67.86
1;14.2;67.61
1;14.2;67.22
1;14.2;67.22
2;14.2;66.58
2;14.2;66.42
2;14.2;65.91
9;14.2;65.48
2;14.2;65.26
1;14.2;64.99
1;14.2;64.74
1;14.2;64.74
1;14.2;64.36
1;14.2;64.19
4;14.2;64.07
2;14.2;63.97
4;14.2;63.12
1;14.2;63.11
1;14.2;63.11
1;14.2;63.11
1;14.2;63.03
3;14.2;62.36
2;14.2;62.31
2;14.2;62.31
2;14.2;62.31
2;14.2;62.31
1;14.2;62.08
4;14.2;62.04
4;14.2;62.03
2;14.2;61.96
4;14.2;61.9
2;14.2;61.79
2;14.2;61.79
2;14.2;61.79
1;14.2;61.43
1;14.2;61.22
2;14.2;60.92
1;14.2;60.59
3;14.2;60.41
2;14.2;60.06
2;14.2;59.35
2;14.2;59.32
2;14.2;59.13
1;14.2;58.85
4;14.2;58.6
1;14.2;58.5
1;14.2;58.47
1;14.2;58.06
3;14.2;58.01
2;14.2;57.29
6;14.2;57.16
5;14.2;56.85
1;14.2;56.32
2;14.2;55.66
1;14.2;54.67
2;14.2;53.91
2;14.2;52.35
4;14.2;52
2;14.2;51.85
1;14.19;52.84
2;14.19;51.38
1;14.18;57.98
2;14.18;55.49
1;14.17;69.66
1;14.17;69.66
1;14.17;69.58
3;14.17;68.91
2;14.17;66.6
1;14.17;66.23
8;14.17;66.15
4;14.17;65.63
5;14.17;65.43
5;14.17;65.14
1;14.17;65.09
2;14.17;65.05
2;14.17;64.77
2;14.17;64.77
1;14.17;64.52
2;14.17;63.62
5;14.17;63.08
1;14.17;62.49
1;14.17;62.42
2;14.17;62.34
2;14.17;62.25
1;14.17;62.17
10;14.17;61.94
3;14.17;61.86
1;14.17;61.38
1;14.17;61.38
2;14.17;61.05
1;14.17;60.54
3;14.17;59.55
4;14.17;59.48
9;14.17;59.35
1;14.17;58.33
2;14.17;58.14
1;14.17;56.22
2;14.17;55.82
1;14.17;55.56
2;14.17;55.14
1;14.17;54.76
2;14.17;54.57
3;14.17;53.69
1;14.16;54.4
2;14.16;52.36
1;14.15;63.78
5;14.15;59.59
1;14.15;55.97
1;14.15;50.63
9;14.14;54.86
1;14.14;52.26
1;14.13;69.22
1;14.13;69.18
1;14.13;69.18
1;14.13;68.14
1;14.13;68.14
1;14.13;67.96
1;14.13;67.77
1;14.13;67.72
2;14.13;67.4
1;14.13;67.23
2;14.13;66.98
1;14.13;66.35
2;14.13;66.25
3;14.13;65.47
2;14.13;65.24
2;14.13;65.11
2;14.13;64.89
6;14.13;64.73
1;14.13;64.46
6;14.13;64.3
1;14.13;64.27
2;14.13;63.56
2;14.13;63.56
1;14.13;63.55
1;14.13;63.43
4;14.13;63.37
5;14.13;63.1
4;14.13;62.51
1;14.13;62.36
7;14.13;62.22
2;14.13;62.19
2;14.13;62.19
1;14.13;61.64
1;14.13;61.64
1;14.13;61.61
2;14.13;61.55
4;14.13;61.4
1;14.13;61.39
2;14.13;60.94
5;14.13;60.85
3;14.13;60.56
1;14.13;60.28
2;14.13;59.03
2;14.13;59.03
1;14.13;58.39
1;14.13;58.17
5;14.13;57.17
1;14.13;56.08
5;14.13;55.66
1;14.13;55.65
7;14.13;54.88
1;14.12;53.22
1;14.12;52.2
2;14.11;59.29
1;14.11;54.39
1;14.11;51.52
1;14.11;51.52
4;14.1;69.76
3;14.1;69.67
2;14.1;69.53
1;14.1;68.8
1;14.1;68.8
1;14.1;68.39
10;14.1;68.19
10;14.1;68.19
2;14.1;67.79
2;14.1;67.34
2;14.1;67.34
2;14.1;67.21
2;14.1;66.53
5;14.1;65.57
7;14.1;65.35
4;14.1;65.33
2;14.1;64.57
1;14.1;64.19
1;14.1;64.15
5;14.1;63.91
2;14.1;63.67
2;14.1;62.92
7;14.1;62.9
1;14.1;62.74
1;14.1;62.74
1;14.1;62.74
2;14.1;62.64
2;14.1;62.42
1;14.1;61.11
1;14.1;60.92
2;14.1;60.91
1;14.1;60.88
9;14.1;60.86
1;14.1;60.82
2;14.1;60.42
2;14.1;60.42
2;14.1;60.42
2;14.1;60.42
3;14.1;60.27
2;14.1;60.16
2;14.1;59.79
2;14.1;59.51
2;14.1;58.34
2;14.1;58.32
3;14.1;57.77
2;14.1;57.67
2;14.1;57.67
3;14.1;57.1
1;14.1;56.83
1;14.1;56.83
1;14.1;56.72
1;14.1;56.62
4;14.1;56.32
1;14.1;55.11
3;14.1;52.88
1;14.1;52.85
9;14.1;52.54
1;14.09;60.16
1;14.09;60.16
1;14.09;56.25
1;14.09;56.25
4;14.09;51.7
2;14.09;51.56
6;14.09;50.89
2;14.08;59.03
1;14.08;55.87
2;14.08;50.91
2;14.07;69.48
2;14.07;69.39
2;14.07;68.8
2;14.07;68.6
2;14.07;67.75
1;14.07;67.57
2;14.07;67.2
1;14.07;66.98
5;14.07;66.8
2;14.07;66.79
1;14.07;66.39
2;14.07;66.21
2;14.07;66.16
1;14.07;66.02
2;14.07;65.96
2;14.07;65.96
2;14.07;65.96
2;14.07;65.96
2;14.07;65.96
2;14.07;65.76
2;14.07;65.76
1;14.07;65.69
1;14.07;65.61
3;14.07;65.2
2;14.07;64.62
2;14.07;64.54
10;14.07;64.4
2;14.07;64.37
1;14.07;64.35
1;14.07;64.09
1;14.07;64.06
1;14.07;63.92
3;14.07;63.69
1;14.07;63.68
1;14.07;63.68
2;14.07;63.49
2;14.07;63.49
1;14.07;62.96
1;14.07;62.96
1;14.07;62.58
2;14.07;62.46
2;14.07;62.46
2;14.07;62.43
2;14.07;62.43
2;14.07;61.89
1;14.07;61.28
3;14.07;61.23
3;14.07;61.23
1;14.07;61.14
1;14.07;61.14
1;14.07;61.09
1;14.07;60.93
2;14.07;60.22
3;14.07;60.18
3;14.07;60.17
6;14.07;59.73
5;14.07;59.71
2;14.07;59.59
2;14.07;59.23
1;14.07;59.15
4;14.07;59.06
4;14.07;59.06
1;14.07;58.25
1;14.07;58.12
2;14.07;57.63
1;14.07;57.18
1;14.07;57.01
1;14.07;57.01
2;14.07;56.56
1;14.07;52.46
2;14.07;52.41
2;14.07;52.01
1;14.06;60.36
5;14.06;57.51
1;14.06;54.39
2;14.05;63.45
2;14.05;55.93
1;14.05;54.52
1;14.04;56.96
2;14.04;54.84
1;14.03;68.49
2;14.03;67.99
1;14.03;67.46
2;14.03;66.93
1;14.03;66.59
2;14.03;66.09
3;14.03;65.91
2;14.03;65.79
2;14.03;65.78
1;14.03;65.05
2;14.03;64.62
6;14.03;64.56
1;14.03;64.38
1;14.03;63.73
1;14.03;63.62
3;14.03;63.48
1;14.03;62.95
2;14.03;62.05
2;14.03;61.85
3;14.03;61.42
1;14.03;61.01
1;14.03;60.83
3;14.03;60.57
3;14.03;60.57
2;14.03;60.19
1;14.03;60.15
5;14.03;59.91
1;14.03;59.86
1;14.03;59.86
2;14.03;59.74
4;14.03;59.73
2;14.03;59.61
1;14.03;59.24
5;14.03;58.87
2;14.03;58.79
5;14.03;57.39
1;14.03;57.17
1;14.03;56.89
1;14.03;56.54
2;14.03;56
2;14.03;55.59
1;14.03;52.67
1;14.03;52.23
1;14.03;52.21
2;14.03;52.1
1;14.03;51.09
1;14.03;51.09
1;14.02;54.38
1;14.02;52.3
1;14.01;60.28
2;14.01;58.61
2;14;69.01
1;14;67.38
1;14;67.38
2;14;67.2
1;14;66.13
3;14;66.08
1;14;65.64
2;14;65.32
2;14;64.79
2;14;64.15
1;14;63.67
1;14;62.92
1;14;62.54
1;14;62.48
2;14;62.42
2;14;62.42
2;14;62.42
5;14;62.42
5;14;62.42
2;14;62.37
2;14;62.37
6;14;62.06
6;14;62.06
1;14;62.01
1;14;62.01
2;14;61.88
1;14;61.71
2;14;61.56
2;14;60.88
2;14;60.73
1;14;60.63
3;14;60.46
1;14;60.25
1;14;59.58
6;14;59.19
3;14;59.18
2;14;59.12
2;14;59.07
10;14;59.03
2;14;58.96
2;14;58.54
2;14;57.88
2;14;57.63
2;14;57.63
10;14;57.44
2;14;57.13
3;14;57.11
2;14;56.91
2;14;56.91
1;14;56.83
1;14;56.45
1;14;56.45
5;14;56.32
1;14;55.28
7;14;53.81
1;14;53.34
1;14;52.84
1;14;51.69
2;13.99;52.11
1;13.98;59.11
2;13.97;69.4
1;13.97;68.07
2;13.97;67.78
2;13.97;67.39
5;13.97;67.27
2;13.97;66.56
1;13.97;66.4
1;13.97;66.1
1;13.97;66.1
1;13.97;65.87
1;13.97;65.57
1;13.97;65.57
1;13.97;65.57
1;13.97;65.44
2;13.97;65.28
2;13.97;65.28
5;13.97;64.9
3;13.97;64.27
1;13.97;64.23
3;13.97;64.14
6;13.97;63.76
7;13.97;63.46
2;13.97;63.4
3;13.97;63.3
1;13.97;63.22
2;13.97;63.13
1;13.97;62.96
1;13.97;62.83
1;13.97;62.83
1;13.97;62.8
1;13.97;62.8
2;13.97;62.73
4;13.97;62.15
4;13.97;62.13
2;13.97;61.89
3;13.97;61.89
3;13.97;61.89
5;13.97;61.67
2;13.97;61.48
5;13.97;60.88
2;13.97;60.86
2;13.97;60.85
2;13.97;60.85
2;13.97;60.22
4;13.97;60.03
1;13.97;59.77
1;13.97;59.77
1;13.97;59.73
1;13.97;59.58
1;13.97;59.58
1;13.97;58.84
6;13.97;58.76
6;13.97;58.76
4;13.97;58.54
4;13.97;58.54
2;13.97;57.98
2;13.97;57.98
2;13.97;57.93
1;13.97;57.66
5;13.97;57.55
5;13.97;57.42
2;13.97;55.59
1;13.96;54.61
1;13.96;54.61
1;13.96;52.66
1;13.96;52.66
2;13.96;51.02
2;13.95;52.24
1;13.94;57.38
1;13.94;56.53
2;13.94;55.62
2;13.93;69.83
3;13.93;68.7
2;13.93;68.58
2;13.93;68.58
7;13.93;67.79
7;13.93;67.79
2;13.93;67.29
2;13.93;67.29
2;13.93;67.22
3;13.93;66.77
1;13.93;66.46
1;13.93;66.46
7;13.93;66.39
3;13.93;66.16
3;13.93;66.16
3;13.93;66.16
4;13.93;65.73
1;13.93;65.48
4;13.93;65.37
1;13.93;65.09
1;13.93;64.42
2;13.93;64.4
2;13.93;64.09
1;13.93;64.07
1;13.93;64.05
2;13.93;63.7
2;13.93;63.7
2;13.93;63.45
1;13.93;63.27
1;13.93;63.21
1;13.93;63.18
3;13.93;63.13
1;13.93;63.02
1;13.93;62.94
2;13.93;62.66
2;13.93;62.66
2;13.93;62.66
2;13.93;62.66
1;13.93;62.21
3;13.93;61.98
2;13.93;61.86
2;13.93;61.71
2;13.93;61.54
2;13.93;61.45
3;13.93;61.3
2;13.93;61.2
2;13.93;60.96
1;13.93;60.49
2;13.93;60.18
1;13.93;59.97
1;13.93;59.39
4;13.93;59.2
4;13.93;58.74
1;13.93;57.9
2;13.93;57.74
2;13.93;56.18
1;13.93;56.07
1;13.93;55.91
2;13.93;55.8
2;13.93;55.72
5;13.93;55.2
2;13.93;53.69
1;13.92;52.75
2;13.91;55.18
1;13.91;54.93
4;13.91;52.75
3;13.9;69.24
2;13.9;68.82
4;13.9;67.75
4;13.9;67.75
1;13.9;67.74
1;13.9;67.7
3;13.9;67.09
1;13.9;66.95
1;13.9;66.95
1;13.9;66.95
8;13.9;66.79
8;13.9;66.79
1;13.9;66.56
1;13.9;66.56
3;13.9;65.72
2;13.9;65.54
1;13.9;65.39
1;13.9;64.93
1;13.9;64.46
1;13.9;63.89
2;13.9;63.08
1;13.9;62.77
2;13.9;62.5
1;13.9;62.49
1;13.9;61.92
2;13.9;61.86
1;13.9;61.73
1;13.9;61.72
1;13.9;61.71
4;13.9;61.71
1;13.9;61.58
2;13.9;61.25
10;13.9;61.21
6;13.9;61.03
4;13.9;60.61
1;13.9;60.57
1;13.9;60.57
1;13.9;60.57
2;13.9;60.46
2;13.9;60.46
2;13.9;60.39
2;13.9;60.39
2;13.9;60.39
1;13.9;60.19
1;13.9;59.95
7;13.9;59.76
2;13.9;59.66
2;13.9;59.01
5;13.9;58.77
5;13.9;58.6
5;13.9;58.56
2;13.9;58.37
2;13.9;58.37
2;13.9;58.37
2;13.9;58.21
2;13.9;58.21
2;13.9;57.42
1;13.9;57.09
8;13.9;56.42
2;13.9;56.21
5;13.9;56.16
6;13.9;54.13
1;13.9;52.27
1;13.89;55.48
1;13.89;55.48
1;13.89;52.19
4;13.87;69.78
1;13.87;69.62
1;13.87;69.62
1;13.87;69.62
2;13.87;69.03
1;13.87;67.75
1;13.87;67.53
1;13.87;67.4
2;13.87;67.1
2;13.87;67.1
1;13.87;66.49
2;13.87;66.29
3;13.87;66.25
2;13.87;66.22
2;13.87;65.66
2;13.87;65.44
6;13.87;65.37
1;13.87;65.21
1;13.87;65.17
2;13.87;65
5;13.87;64.64
2;13.87;64.57
1;13.87;64.45
2;13.87;64.12
2;13.87;64.12
2;13.87;63.54
1;13.87;63.38
2;13.87;63.1
2;13.87;62.96
2;13.87;62.96
2;13.87;62.48
4;13.87;62.42
3;13.87;61.96
2;13.87;61.88
2;13.87;61.7
1;13.87;61.64
3;13.87;61.58
2;13.87;61.39
1;13.87;60.61
2;13.87;60.58
2;13.87;60.58
1;13.87;59.65
1;13.87;59.65
2;13.87;59.56
1;13.87;59.53
3;13.87;59.23
2;13.87;58.98
1;13.87;58.34
2;13.87;56.5
3;13.87;56.41
1;13.87;56.07
1;13.87;55.93
1;13.87;54.08
1;13.87;53.75
1;13.86;58.21
1;13.86;58.21
1;13.86;54.47
1;13.84;60.26
2;13.84;58.18
1;13.84;55.94
1;13.84;54.62
2;13.84;51.95
2;13.84;50.64
2;13.83;68.8
2;13.83;68.43
2;13.83;68.43
2;13.83;68.43
2;13.83;67.29
2;13.83;67.14
2;13.83;67.14
1;13.83;66.86
8;13.83;66.7
3;13.83;66.5
1;13.83;66.31
1;13.83;66.25
2;13.83;66.24
1;13.83;65.59
2;13.83;65.31
7;13.83;64.9
3;13.83;64.74
4;13.83;64.38
5;13.83;64.05
1;13.83;63.68
1;13.83;62.93
3;13.83;62.64
2;13.83;62.6
1;13.83;62.6
1;13.83;62.22
2;13.83;62.22
3;13.83;61.55
1;13.83;61.53
3;13.83;61.43
9;13.83;61.3
1;13.83;61.19
2;13.83;61.1
1;13.83;60.86
1;13.83;60.81
2;13.83;59.44
2;13.83;59.32
1;13.83;57.76
2;13.83;56.92
2;13.83;56.24
2;13.83;55.44
1;13.83;53.82
5;13.83;53.06
1;13.82;55.2
2;13.82;53.58
2;13.81;61.28
1;13.81;55.23
4;13.81;53.97
1;13.81;53.44
2;13.81;51.65
5;13.81;51.47
6;13.8;69.84
3;13.8;69.33
3;13.8;69.33
1;13.8;68.14
1;13.8;67.91
1;13.8;67.91
2;13.8;67.77
2;13.8;67.77
1;13.8;67.44
2;13.8;67.23
1;13.8;65.91
2;13.8;65.44
1;13.8;65.42
2;13.8;65.22
2;13.8;64.93
1;13.8;64.93
2;13.8;64.27
1;13.8;64.17
3;13.8;64.12
3;13.8;64.12
2;13.8;64
2;13.8;63.82
7;13.8;63.76
1;13.8;63.73
1;13.8;63.73
6;13.8;63.18
4;13.8;63.15
2;13.8;62.62
2;13.8;62.62
2;13.8;62.62
1;13.8;62.6
1;13.8;62.58
1;13.8;62.15
2;13.8;62.15
4;13.8;62.07
6;13.8;61.87
2;13.8;61.87
1;13.8;61.75
2;13.8;61.47
6;13.8;61.44
6;13.8;61.44
2;13.8;61.41
1;13.8;61.23
6;13.8;60.76
4;13.8;60.69
2;13.8;59.83
2;13.8;59.28
2;13.8;59.07
4;13.8;58.96
1;13.8;58.87
1;13.8;58.72
2;13.8;58.66
2;13.8;58.59
2;13.8;58.59
2;13.8;58.21
1;13.8;58.06
2;13.8;57.92
1;13.8;56.02
1;13.8;55.73
2;13.8;55.35
3;13.8;55.27
1;13.8;54.4
1;13.8;54.02
1;13.8;53.91
1;13.8;53.91
3;13.8;53.73
2;13.8;53.13
6;13.8;50.05
2;13.79;63.18
1;13.79;56.03
1;13.79;54.57
1;13.79;54.57
1;13.79;54.5
1;13.79;52.53
1;13.78;54.49
2;13.78;53.86
2;13.78;52.8
4;13.77;69.18
3;13.77;69.16
3;13.77;68.91
2;13.77;68.41
3;13.77;68.08
1;13.77;67.26
1;13.77;67.26
2;13.77;66.97
4;13.77;66.56
4;13.77;65.91
3;13.77;65.88
1;13.77;65.42
6;13.77;65.3
2;13.77;64.88
1;13.77;64.86
1;13.77;64.45
4;13.77;64.32
4;13.77;64.25
1;13.77;64.2
1;13.77;63.95
2;13.77;63.95
1;13.77;63.52
2;13.77;63.37
3;13.77;63.31
2;13.77;63.22
2;13.77;63.11
6;13.77;62.55
5;13.77;62.49
2;13.77;61.95
3;13.77;61.89
2;13.77;61.89
6;13.77;61.34
6;13.77;61.34
1;13.77;61.31
3;13.77;61.28
4;13.77;61.24
4;13.77;61.24
2;13.77;61.13
1;13.77;60.68
1;13.77;60.08
7;13.77;60.03
1;13.77;59.95
5;13.77;59.83
2;13.77;59.38
3;13.77;59.3
4;13.77;59.17
1;13.77;59.01
1;13.77;58.5
1;13.77;58.07
2;13.77;57.83
1;13.77;57.78
3;13.77;56.51
3;13.77;56.51
1;13.77;56.51
2;13.77;56.23
2;13.77;56.03
2;13.77;54.05
2;13.77;54.05
3;13.77;53.18
1;13.77;52.72
8;13.77;52.25
1;13.76;61.81
2;13.76;55.02
2;13.76;50.99
2;13.75;52.29
1;13.75;50.01
1;13.74;55.37
4;13.73;68.99
4;13.73;68.84
1;13.73;67.63
1;13.73;67.43
3;13.73;66.46
3;13.73;66.46
3;13.73;65.93
7;13.73;65.21
1;13.73;64.63
1;13.73;64.51
1;13.73;64.51
5;13.73;64.27
3;13.73;64.02
3;13.73;64.02
1;13.73;63.65
3;13.73;63.59
1;13.73;62.69
1;13.73;62.67
2;13.73;62.29
1;13.73;62.28
2;13.73;62.09
5;13.73;61.88
2;13.73;61.48
1;13.73;61.34
5;13.73;61.29
1;13.73;61.24
2;13.73;60.94
7;13.73;60.85
1;13.73;60.1
1;13.73;60.1
4;13.73;60.08
4;13.73;60.08
2;13.73;59.89
2;13.73;59.8
2;13.73;59.35
8;13.73;59.08
4;13.73;58.82
5;13.73;58.8
1;13.73;58.47
2;13.73;58.04
1;13.73;57.7
1;13.73;56.54
3;13.73;55.67
3;13.73;55.67
1;13.73;54.96
1;13.73;54.75
1;13.73;54.75
2;13.73;54.64
2;13.73;53.65
1;13.73;53.47
1;13.73;53.2
1;13.73;52.04
2;13.73;51.86
2;13.73;51.86
1;13.72;58.37
1;13.71;53.65
3;13.7;69.53
2;13.7;69.36
1;13.7;68.92
2;13.7;68.57
1;13.7;67.4
2;13.7;67.23
2;13.7;67.23
2;13.7;67.03
2;13.7;67.03
1;13.7;66.31
2;13.7;66.2
2;13.7;66.2
2;13.7;65.97
2;13.7;65.55
2;13.7;64.95
1;13.7;64.8
6;13.7;63.89
1;13.7;63.86
1;13.7;63.18
5;13.7;62.92
2;13.7;62.64
7;13.7;62.22
2;13.7;62.12
2;13.7;62.12
2;13.7;61.92
5;13.7;61.86
2;13.7;61.5
1;13.7;61.21
1;13.7;61.11
1;13.7;60.93
4;13.7;60.75
5;13.7;60.23
5;13.7;60.23
2;13.7;60.1
2;13.7;59.84
3;13.7;59.79
8;13.7;59.77
1;13.7;59.76
1;13.7;59.4
2;13.7;59.12
2;13.7;59.12
1;13.7;58.9
1;13.7;58.76
4;13.7;58.6
9;13.7;57.5
2;13.7;56.98
2;13.7;56.98
2;13.7;56.39
1;13.7;56.07
1;13.7;56.05
2;13.7;55.78
4;13.7;54.67
1;13.7;54.06
1;13.7;53.78
2;13.7;52.38
1;13.69;57.78
1;13.69;54.12
1;13.69;53.85
1;13.69;53.85
1;13.69;50.95
1;13.69;50.95
1;13.68;56.4
1;13.68;50.16
1;13.68;50.16
2;13.67;69.62
1;13.67;69.15
1;13.67;67.94
1;13.67;67.86
1;13.67;66.95
2;13.67;66.16
1;13.67;65.96
2;13.67;65.8
1;13.67;65.36
3;13.67;65.11
2;13.67;64.97
5;13.67;64.88
1;13.67;64.52
2;13.67;64.45
2;13.67;64.42
7;13.67;64.07
1;13.67;63.7
4;13.67;63.67
3;13.67;63.64
9;13.67;63.52
9;13.67;63.52
3;13.67;63.49
1;13.67;63.31
1;13.67;63.22
1;13.67;62.82
1;13.67;62.36
2;13.67;61.74
2;13.67;61.46
1;13.67;60.43
1;13.67;60.27
8;13.67;60.05
9;13.67;59.4
1;13.67;59.34
5;13.67;59.15
2;13.67;59.07
4;13.67;58.42
2;13.67;57.99
2;13.67;57.99
4;13.67;57.13
1;13.67;55.45
5;13.67;54.88
2;13.67;54.86
2;13.67;54.86
2;13.67;53.96
2;13.67;53.96
1;13.67;51.32
1;13.67;50.58
1;13.66;55.75
7;13.65;69.6
2;13.65;58.42
1;13.65;53.57
1;13.65;50.84
1;13.64;57.63
1;13.64;57.63
1;13.63;69.62
1;13.63;69.37
2;13.63;68.45
4;13.63;68.16
2;13.63;67.58
2;13.63;66.98
2;13.63;66.49
1;13.63;66.34
2;13.63;66.2
1;13.63;66.11
2;13.63;66.1
1;13.63;65.2
2;13.63;64.96
2;13.63;64.35
2;13.63;64.3
2;13.63;64.18
1;13.63;64.03
2;13.63;63.89
1;13.63;63.48
1;13.63;63.4
4;13.63;63.26
1;13.63;62.9
1;13.63;62.61
3;13.63;62.6
2;13.63;62.57
1;13.63;62.36
3;13.63;61.47
1;13.63;61.38
1;13.63;61.38
3;13.63;61.29
1;13.63;60.46
1;13.63;60.01
1;13.63;59.84
1;13.63;59.76
1;13.63;59.17
3;13.63;59.04
1;13.63;58.64
3;13.63;58.51
2;13.63;58.15
2;13.63;57.94
2;13.63;57.85
1;13.63;57.51
1;13.63;55.47
2;13.63;55.28
2;13.63;55.28
2;13.63;54.92
3;13.63;52.39
3;13.63;52.39
1;13.63;51.96
2;13.63;51.34
1;13.62;54.46
1;13.62;54.46
2;13.62;52.76
1;13.61;58.22
1;13.61;58.1
1;13.61;57.97
1;13.61;51.99
2;13.6;69.98
1;13.6;68.96
1;13.6;68.25
2;13.6;66.19
2;13.6;66.19
2;13.6;66.15
2;13.6;65.9
1;13.6;65.59
1;13.6;65.53
2;13.6;65.38
2;13.6;65.18
1;13.6;64.97
1;13.6;64.97
7;13.6;64.33
2;13.6;64.1
2;13.6;64.1
2;13.6;64.1
2;13.6;64.03
5;13.6;63.86
2;13.6;63.45
4;13.6;62.87
1;13.6;62.54
2;13.6;62.23
1;13.6;62.17
1;13.6;62.17
3;13.6;61.99
1;13.6;61.97
1;13.6;61.58
1;13.6;61.58
1;13.6;61.39
2;13.6;61.07
1;13.6;60.81
1;13.6;60.81
3;13.6;60.75
2;13.6;60.63
1;13.6;60.6
6;13.6;60.42
1;13.6;60.31
1;13.6;60.08
1;13.6;59.58
1;13.6;59.25
3;13.6;59.08
3;13.6;58.96
3;13.6;58.7
3;13.6;58.7
1;13.6;58.64
2;13.6;57.71
2;13.6;57.71
5;13.6;57.32
5;13.6;57.32
1;13.6;57.02
1;13.6;56.43
1;13.6;55.98
2;13.6;55.16
1;13.6;53.18
2;13.6;53.06
2;13.6;52.12
5;13.6;50.12
1;13.59;60.93
1;13.59;50.39
1;13.58;55.02
7;13.58;52.23
1;13.57;67.9
1;13.57;67.9
1;13.57;67.56
1;13.57;67.03
1;13.57;66.98
1;13.57;66.98
2;13.57;66.31
2;13.57;66.31
1;13.57;65.76
2;13.57;65.18
1;13.57;64.67
6;13.57;63.79
4;13.57;63.43
1;13.57;63.35
3;13.57;62.1
1;13.57;61.85
3;13.57;61.85
2;13.57;61.78
2;13.57;61.51
2;13.57;61.51
1;13.57;59.75
1;13.57;59.65
1;13.57;59.38
4;13.57;57.85
3;13.57;56.9
2;13.57;56.32
2;13.57;55.82
2;13.57;55.82
2;13.57;55.82
1;13.57;55.34
2;13.57;54.99
1;13.57;54.93
1;13.57;52.47
1;13.57;51.63
2;13.57;50.59
1;13.56;58.3
1;13.56;55.19
2;13.56;51.23
2;13.55;59.28
1;13.55;50.66
6;13.54;59.92
1;13.54;54.89
1;13.54;54.89
1;13.54;54.68
1;13.53;69.4
5;13.53;67.89
7;13.53;67.21
2;13.53;66.88
3;13.53;66.15
1;13.53;66.11
1;13.53;65.85
1;13.53;65.62
2;13.53;65.61
2;13.53;65.61
4;13.53;65.09
1;13.53;64.39
1;13.53;64.1
3;13.53;63.7
1;13.53;63.65
2;13.53;63.52
1;13.53;63.02
1;13.53;62.88
3;13.53;62.73
7;13.53;62.64
7;13.53;62.64
7;13.53;62.64
2;13.53;62.55
1;13.53;62.4
1;13.53;62.02
1;13.53;62.02
2;13.53;61.7
3;13.53;61.57
2;13.53;61.52
2;13.53;61.5
2;13.53;61.5
1;13.53;61.2
2;13.53;60.92
1;13.53;60.55
5;13.53;60.52
5;13.53;60.52
3;13.53;60.21
4;13.53;59.62
2;13.53;59.46
1;13.53;59.29
1;13.53;58.24
1;13.53;57.58
1;13.53;56.91
1;13.53;56.91
1;13.53;56.91
6;13.53;56.78
2;13.53;55.99
3;13.53;55.25
1;13.53;54.9
2;13.53;54.38
1;13.53;53.75
1;13.51;54.59
2;13.51;54.13
1;13.51;53.24
1;13.51;52.99
1;13.5;69.99
1;13.5;68.74
2;13.5;68.7
2;13.5;68.63
4;13.5;68.17
1;13.5;66.88
3;13.5;66.51
1;13.5;66.07
2;13.5;66.07
2;13.5;66.07
2;13.5;65.96
2;13.5;65.86
2;13.5;65.47
8;13.5;65.34
2;13.5;64.97
1;13.5;64.47
2;13.5;64.25
2;13.5;64.03
2;13.5;64.02
4;13.5;63.92
1;13.5;63.79
2;13.5;63.53
3;13.5;63.5
2;13.5;63.28
1;13.5;62.98
1;13.5;62.98
3;13.5;62.9
3;13.5;62.9
1;13.5;62.7
2;13.5;62.66
2;13.5;62.53
2;13.5;62.53
2;13.5;62.31
2;13.5;62.06
2;13.5;61.97
1;13.5;61.64
1;13.5;61.42
1;13.5;61.28
2;13.5;61.17
2;13.5;60.95
4;13.5;60.74
4;13.5;60.41
1;13.5;60.23
2;13.5;59.83
2;13.5;59.83
3;13.5;59.26
1;13.5;58.58
2;13.5;58.38
2;13.5;57.74
1;13.5;57.35
1;13.5;54.8
2;13.5;54.74
2;13.5;53.41
5;13.5;52.99
4;13.5;52.64
1;13.5;52.11
2;13.5;51.4
1;13.49;57.37
2;13.48;51.02
1;13.47;69.03
1;13.47;67.62
1;13.47;67.62
1;13.47;67.06
1;13.47;66.19
1;13.47;66.1
2;13.47;65.78
1;13.47;65.22
4;13.47;64.98
3;13.47;64.67
2;13.47;64.47
2;13.47;64.2
1;13.47;63.75
3;13.47;63.5
2;13.47;63.4
2;13.47;63.38
2;13.47;63.28
2;13.47;63.28
6;13.47;63.27
2;13.47;63.06
1;13.47;62.6
2;13.47;62.5
2;13.47;62.5
3;13.47;62.44
3;13.47;62.44
1;13.47;62.28
1;13.47;62.22
3;13.47;61.95
3;13.47;61.95
2;13.47;61.84
5;13.47;61.81
1;13.47;61.67
1;13.47;61.05
1;13.47;60.21
1;13.47;60.07
1;13.47;60.07
1;13.47;60.07
1;13.47;60.04
1;13.47;59.79
4;13.47;59.79
4;13.47;59.79
1;13.47;59.78
2;13.47;59.65
2;13.47;59.44
4;13.47;59.09
1;13.47;58.93
1;13.47;58.93
1;13.47;58.93
7;13.47;57.88
4;13.47;56.38
1;13.47;55.02
5;13.47;54.92
2;13.47;54.07
2;13.47;53.66
1;13.47;53.57
1;13.47;53.57
1;13.47;53.57
1;13.46;53.52
2;13.45;59.15
1;13.45;56.79
1;13.45;56.79
1;13.45;56.79
1;13.45;50.24
7;13.44;56.5
1;13.44;53.73
4;13.43;68.43
1;13.43;67.34
1;13.43;67.28
1;13.43;66.78
1;13.43;66.46
1;13.43;66.09
1;13.43;65.96
2;13.43;65.5
4;13.43;65.5
7;13.43;64.8
1;13.43;64.62
1;13.43;64.28
5;13.43;64.14
4;13.43;64.05
2;13.43;63.95
1;13.43;63.4
8;13.43;63.29
2;13.43;63.19
1;13.43;63.08
3;13.43;62.76
5;13.43;62.53
2;13.43;62.48
2;13.43;62.48
1;13.43;61.96
2;13.43;61.94
2;13.43;61.86
2;13.43;61.86
1;13.43;61.86
2;13.43;61.55
1;13.43;61.55
2;13.43;60.52
2;13.43;60.07
1;13.43;59.81
1;13.43;59.7
6;13.43;59.46
3;13.43;59.41
3;13.43;58.4
3;13.43;58.13
1;13.43;57.88
5;13.43;57.87
1;13.43;57.33
2;13.43;55.35
1;13.43;54.99
1;13.42;58.97
3;13.42;58.6
1;13.42;57.01
1;13.42;54.24
1;13.42;51.08
1;13.41;54.85
1;13.4;68.83
2;13.4;68.51
2;13.4;68.51
2;13.4;67.49
1;13.4;67.3
3;13.4;66.87
2;13.4;66.29
2;13.4;65.97
2;13.4;65.97
4;13.4;65.59
2;13.4;65.33
6;13.4;65.3
2;13.4;65.22
2;13.4;64.89
2;13.4;64.44
1;13.4;63.86
2;13.4;63.52
2;13.4;63.52
1;13.4;63.08
1;13.4;63.08
1;13.4;62.96
1;13.4;62.43
4;13.4;62.37
3;13.4;62.24
1;13.4;61.78
1;13.4;61.78
1;13.4;61.69
1;13.4;61.66
1;13.4;61.64
1;13.4;61.49
6;13.4;61.18
2;13.4;61.05
2;13.4;61.05
1;13.4;60.75
1;13.4;60.75
3;13.4;60.66
1;13.4;60.23
1;13.4;60.23
2;13.4;59.94
2;13.4;59.94
2;13.4;59.94
2;13.4;59.94
1;13.4;59.76
1;13.4;59.74
2;13.4;59.01
1;13.4;58.38
2;13.4;58.14
1;13.4;57.98
2;13.4;57.86
1;13.4;57.86
1;13.4;57.55
1;13.4;57.38
8;13.4;57.09
1;13.4;55.51
1;13.4;54.7
2;13.4;52.44
6;13.4;51.09
1;13.39;54.92
1;13.39;50.03
1;13.39;50.03
2;13.38;57.14
1;13.38;54.87
1;13.38;51.27
1;13.37;69.03
2;13.37;68.19
2;13.37;67.67
1;13.37;66.93
1;13.37;66.91
4;13.37;66.4
1;13.37;66.27
2;13.37;65.88
2;13.37;65.88
1;13.37;65.3
1;13.37;65.03
2;13.37;64.99
2;13.37;64.99
2;13.37;64.46
4;13.37;64.38
1;13.37;63.26
2;13.37;63.24
1;13.37;62.66
2;13.37;62.63
2;13.37;62.55
1;13.37;62.49
4;13.37;62.38
3;13.37;62.14
8;13.37;62.13
1;13.37;62.08
2;13.37;61.89
1;13.37;61.32
6;13.37;61.16
5;13.37;60.87
4;13.37;60.74
2;13.37;60.35
2;13.37;59.96
2;13.37;59.88
7;13.37;59.23
7;13.37;58.67
1;13.37;58.48
6;13.37;58.33
6;13.37;58.33
1;13.37;57.92
1;13.37;57.92
2;13.37;57.09
1;13.37;55.16
1;13.34;54.38
1;13.34;50.57
6;13.33;69.66
7;13.33;68.54
4;13.33;68.39
2;13.33;68.17
2;13.33;67.77
2;13.33;67.77
1;13.33;67.64
2;13.33;67.08
2;13.33;67.08
3;13.33;66.4
1;13.33;65.75
2;13.33;65.32
1;13.33;65.32
2;13.33;65.29
1;13.33;65.23
1;13.33;65.11
1;13.33;64.75
1;13.33;64.5
1;13.33;64.37
1;13.33;64.16
7;13.33;64.03
1;13.33;64
1;13.33;63.97
1;13.33;63.97
1;13.33;63.95
1;13.33;63.48
1;13.33;63.26
3;13.33;63.07
3;13.33;63.07
3;13.33;63.07
8;13.33;63.05
1;13.33;62.86
1;13.33;62.82
1;13.33;62.53
1;13.33;62.5
1;13.33;62.5
3;13.33;62.48
2;13.33;62.23
2;13.33;61.69
2;13.33;61.69
3;13.33;61.58
2;13.33;61.39
2;13.33;60.52
1;13.33;60.5
3;13.33;60.49
3;13.33;60.45
4;13.33;60.17
3;13.33;59.33
1;13.33;59.18
2;13.33;58.92
1;13.33;58.65
1;13.33;58.42
1;13.33;58.42
1;13.33;57.23
1;13.33;57.23
1;13.33;57.03
6;13.33;56.86
2;13.33;56.46
2;13.33;55.55
3;13.33;53.54
2;13.33;52.59
1;13.32;57.67
1;13.3;69.02
1;13.3;69.02
1;13.3;68.64
1;13.3;67.91
1;13.3;67.91
2;13.3;67.24
3;13.3;66.79
5;13.3;65.88
2;13.3;65.67
4;13.3;65.61
4;13.3;65.61
2;13.3;65.27
2;13.3;65.27
3;13.3;64.99
4;13.3;64.87
1;13.3;64.71
2;13.3;64.41
2;13.3;64.3
2;13.3;63.69
1;13.3;63.51
1;13.3;63.43
2;13.3;63.09
2;13.3;63.09
2;13.3;62.9
1;13.3;62.88
2;13.3;62.83
2;13.3;62.83
2;13.3;62.51
1;13.3;62.36
1;13.3;61.15
1;13.3;61.15
2;13.3;60.43
1;13.3;59.61
1;13.3;57.82
2;13.3;57.66
2;13.3;57.23
2;13.3;57.23
2;13.3;57.23
7;13.3;56.12
1;13.3;54.36
1;13.3;54.15
6;13.3;50.05
1;13.29;53.38
2;13.29;52.6
1;13.28;51.87
1;13.28;51.87
1;13.27;69.96
1;13.27;69.52
2;13.27;68.94
2;13.27;67.19
2;13.27;66.71
2;13.27;66.71
1;13.27;65.53
1;13.27;65.39
1;13.27;65.21
3;13.27;65.2
2;13.27;64.99
2;13.27;64.99
2;13.27;64.99
2;13.27;64.99
4;13.27;64.94
1;13.27;64.51
4;13.27;64.49
1;13.27;64.07
1;13.27;63.96
1;13.27;63.96
3;13.27;63.52
2;13.27;63.4
5;13.27;62.94
4;13.27;62.89
4;13.27;62.89
4;13.27;62.89
1;13.27;62.57
4;13.27;61.84
3;13.27;61.28
5;13.27;60.87
1;13.27;60.86
2;13.27;60.84
2;13.27;60.71
2;13.27;60.39
1;13.27;59.79
2;13.27;59.62
2;13.27;59.62
2;13.27;59.62
2;13.27;59.61
2;13.27;59.61
7;13.27;59.47
2;13.27;59.41
2;13.27;59.26
2;13.27;59.1
2;13.27;58.87
2;13.27;58.38
2;13.27;57.74
3;13.27;56.45
3;13.27;56.45
1;13.27;56.12
4;13.27;54.67
10;13.27;54.25
6;13.27;52.26
2;13.27;50.38
1;13.24;54.17
4;13.24;52.77
1;13.24;51.01
1;13.23;69.58
6;13.23;69.12
1;13.23;67.77
1;13.23;67.48
2;13.23;67.38
1;13.23;67.17
3;13.23;66.88
8;13.23;65.3
1;13.23;65.23
1;13.23;65.07
1;13.23;65.07
1;13.23;64.75
1;13.23;64.26
1;13.23;64.26
1;13.23;64.1
2;13.23;63.38
2;13.23;63.29
2;13.23;63.19
2;13.23;63.02
1;13.23;62.74
1;13.23;62.6
5;13.23;62.44
5;13.23;62.01
2;13.23;61.99
1;13.23;61.89
5;13.23;60.85
1;13.23;60.71
4;13.23;60.5
4;13.23;60.25
1;13.23;59.46
5;13.23;59.22
4;13.23;58.52
1;13.23;58.25
2;13.23;57.55
2;13.23;57.55
1;13.23;57.35
1;13.23;57.16
1;13.23;56.2
1;13.23;53.3
3;13.22;67.2
1;13.21;57.96
3;13.2;69.21
3;13.2;69.21
1;13.2;68.95
1;13.2;68.95
5;13.2;68.24
2;13.2;68.22
2;13.2;68.14
2;13.2;67.67
2;13.2;67.53
2;13.2;66.94
3;13.2;66.7
6;13.2;66.66
1;13.2;66.4
2;13.2;66.12
1;13.2;65.46
1;13.2;65.14
8;13.2;65.04
1;13.2;64.79
1;13.2;64.79
1;13.2;64.22
2;13.2;64.19
4;13.2;64.15
1;13.2;64.08
6;13.2;63.73
1;13.2;62.28
2;13.2;62.22
1;13.2;61.51
4;13.2;61.28
1;13.2;61.05
3;13.2;60.86
2;13.2;60.28
2;13.2;60.28
1;13.2;60.18
6;13.2;60.01
1;13.2;59.28
2;13.2;59.06
2;13.2;59.06
1;13.2;58.98
1;13.2;58.98
5;13.2;58.56
5;13.2;58.56
2;13.2;58.33
1;13.2;56.95
1;13.2;56.71
6;13.2;55.09
1;13.2;55.05
1;13.2;55.05
2;13.2;53.54
2;13.2;52.84
1;13.2;51.19
1;13.19;60.03
1;13.19;60.03
1;13.19;57.45
2;13.19;56.06
9;13.19;51.84
8;13.17;69.2
1;13.17;69.11
1;13.17;68.48
3;13.17;67.48
2;13.17;67.27
2;13.17;67.27
2;13.17;67.27
3;13.17;66.94
1;13.17;66.56
1;13.17;66.53
1;13.17;65.91
1;13.17;65.71
1;13.17;65.71
1;13.17;65.33
3;13.17;65.31
1;13.17;64.83
2;13.17;64.42
2;13.17;64.17
2;13.17;64.17
7;13.17;63.75
2;13.17;63.66
2;13.17;63.66
2;13.17;63.44
2;13.17;63.33
2;13.17;63.1
2;13.17;63.1
2;13.17;63.1
2;13.17;62.78
2;13.17;62.78
5;13.17;62.18
1;13.17;62.09
1;13.17;61.44
1;13.17;60.75
1;13.17;60.64
1;13.17;60.33
1;13.17;60.33
4;13.17;60.16
1;13.17;59.78
10;13.17;59.49
2;13.17;58.76
10;13.17;58.67
1;13.17;58.42
2;13.17;57.76
1;13.17;57.75
5;13.17;56.88
2;13.17;56.84
1;13.17;56.73
2;13.17;54.36
2;13.17;54.36
2;13.17;52.92
1;13.17;51.58
1;13.16;55.27
1;13.16;53.74
2;13.13;68.66
2;13.13;68.66
1;13.13;68.17
1;13.13;67.71
2;13.13;67.27
2;13.13;67.27
1;13.13;67.27
1;13.13;67.04
2;13.13;66.64
4;13.13;66.19
1;13.13;66.15
1;13.13;65.64
1;13.13;65.49
1;13.13;65.37
3;13.13;65.24
7;13.13;64.87
1;13.13;64.44
1;13.13;64.44
1;13.13;64.3
1;13.13;64.3
2;13.13;64.07
2;13.13;63.67
2;13.13;63.67
2;13.13;63.38
1;13.13;63.36
2;13.13;63.2
8;13.13;62.68
2;13.13;62.33
1;13.13;62.03
1;13.13;62.03
2;13.13;61.97
3;13.13;61.58
7;13.13;61.36
1;13.13;61.18
1;13.13;61.18
2;13.13;60.93
1;13.13;60.92
1;13.13;60.8
2;13.13;60.76
1;13.13;60.63
6;13.13;60.19
6;13.13;60.19
1;13.13;60.17
1;13.13;59.85
3;13.13;59.73
3;13.13;59.72
4;13.13;59.59
1;13.13;59.24
1;13.13;59.03
1;13.13;59.03
1;13.13;58.97
1;13.13;58.24
2;13.13;57.93
9;13.13;57.8
2;13.13;57.16
5;13.13;54.03
1;13.12;55.25
1;13.12;55.25
1;13.11;57.3
1;13.11;56.69
1;13.1;67.8
5;13.1;67.26
2;13.1;66.81
6;13.1;66.5
1;13.1;66.23
5;13.1;66.11
2;13.1;65.96
1;13.1;65.53
1;13.1;65.03
3;13.1;64.48
5;13.1;64.36
2;13.1;64.2
2;13.1;64.17
2;13.1;64.09
2;13.1;64
3;13.1;63.72
6;13.1;63.7
6;13.1;63.7
1;13.1;63.65
1;13.1;63.29
1;13.1;63.02
2;13.1;62.57
1;13.1;62.52
2;13.1;62.31
2;13.1;62.3
7;13.1;62.29
5;13.1;61.43
2;13.1;61.37
3;13.1;61.28
1;13.1;60.64
2;13.1;60.14
1;13.1;60.13
2;13.1;59.92
2;13.1;59.25
2;13.1;59.25
2;13.1;58.38
3;13.1;58.37
8;13.1;57.99
2;13.1;56.57
2;13.1;56.33
2;13.1;56.33
2;13.1;56.33
8;13.1;55.58
1;13.1;54.18
1;13.1;53.62
1;13.1;53.47
1;13.1;52.14
2;13.1;51.36
2;13.1;51.36
2;13.1;50.47
1;13.09;55.26
1;13.09;51.45
1;13.08;54.61
2;13.08;54.57
1;13.08;52.76
1;13.07;69.69
1;13.07;69.6
1;13.07;68.29
3;13.07;66.86
3;13.07;66.86
3;13.07;66.86
2;13.07;66.61
2;13.07;66.59
4;13.07;65.99
4;13.07;65.99
4;13.07;65.99
5;13.07;65.43
1;13.07;65.18
4;13.07;64.96
1;13.07;64.85
1;13.07;64.85
1;13.07;64.77
1;13.07;64.52
1;13.07;64.52
1;13.07;63.79
1;13.07;63.62
2;13.07;63.4
2;13.07;63.4
4;13.07;62.95
3;13.07;62.63
2;13.07;62.52
2;13.07;62.49
1;13.07;62.37
2;13.07;62.29
1;13.07;62.28
7;13.07;61.83
6;13.07;61.57
1;13.07;61.42
1;13.07;61.42
1;13.07;61.42
2;13.07;61.32
1;13.07;61.28
2;13.07;60.93
2;13.07;60.78
3;13.07;59.69
2;13.07;59.61
5;13.07;59.28
4;13.07;59.24
1;13.07;58.38
3;13.07;57.99
1;13.07;57.58
2;13.07;57.06
1;13.07;56.95
1;13.07;54.66
1;13.07;53.47
1;13.06;57.66
1;13.06;50.04
1;13.05;62.21
1;13.04;58.46
1;13.04;52.66
1;13.04;52.44
1;13.04;52.43
1;13.04;51.15
1;13.03;69.88
1;13.03;69.88
1;13.03;69.88
1;13.03;68.47
1;13.03;66.66
4;13.03;65.3
2;13.03;65.04
5;13.03;64.7
1;13.03;64.31
1;13.03;64.06
4;13.03;63.43
1;13.03;63.19
1;13.03;62.94
1;13.03;62.89
1;13.03;62.71
1;13.03;62.71
4;13.03;62.62
6;13.03;62.06
1;13.03;61.6
2;13.03;61.58
1;13.03;60.52
2;13.03;60.39
1;13.03;60.22
3;13.03;59.79
1;13.03;59.73
1;13.03;59.67
1;13.03;58.98
8;13.03;58.58
1;13.03;57.5
2;13.03;57.36
2;13.03;57.31
1;13.03;57.3
1;13.03;57.12
2;13.03;56.83
4;13.03;56.25
1;13.03;55.76
5;13.03;55.37
1;13.03;55.12
1;13.03;53.76
1;13.02;50.49
1;13;69.77
1;13;69.77
5;13;69.04
1;13;67.55
5;13;66.78
3;13;66.56
1;13;66.45
1;13;65.7
1;13;64.99
1;13;64.77
1;13;64.53
4;13;64.22
2;13;64.2
2;13;64.2
2;13;64.2
2;13;63.97
1;13;63.45
1;13;63.33
1;13;62.57
1;13;62.57
5;13;62.24
1;13;62.08
6;13;62.08
3;13;62.04
5;13;61.88
1;13;61.88
5;13;61.88
1;13;61.87
1;13;61.73
1;13;61.55
1;13;61.55
6;13;61.21
3;13;60.72
7;13;60.41
2;13;60.37
2;13;60.17
2;13;59.59
2;13;59.24
1;13;59.18
1;13;59.18
1;13;59.18
1;13;59.17
1;13;59.17
1;13;59.07
7;13;58.76
7;13;58.41
1;13;57.74
3;13;57.7
1;13;56.95
3;13;56.91
1;13;56.73
1;13;56.12
1;13;55.09
1;13;54.67
1;13;54.06
1;12.99;57.32
1;12.98;57.59
1;12.98;55.18
2;12.98;50.69
1;12.97;69.27
1;12.97;69.27
2;12.97;68.98
3;12.97;68.6
3;12.97;68.49
1;12.97;68.49
2;12.97;67.69
1;12.97;66.77
2;12.97;66.64
3;12.97;66.43
4;12.97;66.37
1;12.97;65.88
1;12.97;65.44
1;12.97;65.27
2;12.97;64.9
2;12.97;64.44
5;12.97;64.37
1;12.97;64.33
1;12.97;64.27
2;12.97;64.06
2;12.97;64.06
3;12.97;63.95
2;12.97;63.91
2;12.97;63.79
2;12.97;63.79
2;12.97;63.77
2;12.97;63.77
1;12.97;63.71
1;12.97;63.58
1;12.97;62.64
4;12.97;62.62
1;12.97;62.58
1;12.97;62.58
2;12.97;62.25
1;12.97;62.23
2;12.97;62.2
1;12.97;62.2
1;12.97;61.9
1;12.97;61.63
2;12.97;61.59
2;12.97;61.59
1;12.97;61.58
2;12.97;61.58
5;12.97;61.44
5;12.97;61.43
4;12.97;61.39
2;12.97;61.23
1;12.97;61.19
2;12.97;61.11
1;12.97;60.86
3;12.97;60.83
1;12.97;60.77
2;12.97;60.45
1;12.97;60.35
4;12.97;60.33
4;12.97;60.25
3;12.97;60.17
3;12.97;60.17
1;12.97;59.35
1;12.97;59.18
5;12.97;57.77
3;12.97;57.72
4;12.97;57.35
4;12.97;57.35
4;12.97;57.35
1;12.97;57.11
1;12.97;55.53
1;12.97;54.43
1;12.97;53.85
1;12.96;51.56
1;12.96;50.23
2;12.95;66.94
1;12.95;59.13
4;12.93;69.97
1;12.93;68.39
4;12.93;67.97
1;12.93;67.96
5;12.93;67.34
2;12.93;66.43
1;12.93;66.13
5;12.93;66.1
1;12.93;65.88
2;12.93;64.83
1;12.93;64.8
2;12.93;64.48
2;12.93;64.17
1;12.93;64.04
2;12.93;64.03
2;12.93;64.03
2;12.93;64.03
1;12.93;63.45
1;12.93;62.71
4;12.93;62.65
4;12.93;62.65
4;12.93;62.65
3;12.93;62.54
3;12.93;62.54
2;12.93;62.44
1;12.93;62.18
1;12.93;62.18
1;12.93;61.86
1;12.93;61.6
2;12.93;61.07
2;12.93;61.07
2;12.93;61.07
1;12.93;60.69
1;12.93;60.33
1;12.93;60.33
2;12.93;59.85
1;12.93;59.84
1;12.93;59.68
3;12.93;59.19
2;12.93;58.93
2;12.93;58.78
1;12.93;57.56
1;12.93;55.68
1;12.93;55.37
1;12.93;55.37
2;12.9;69.02
2;12.9;68.74
1;12.9;68.69
3;12.9;68.26
2;12.9;67.3
1;12.9;66.61
1;12.9;66.61
2;12.9;66.3
1;12.9;66.24
5;12.9;65.32
1;12.9;64.9
1;12.9;64.49
1;12.9;64.46
7;12.9;63.39
1;12.9;62.68
3;12.9;62.41
1;12.9;62.29
1;12.9;61.91
2;12.9;61.27
2;12.9;61.06
2;12.9;60.78
2;12.9;60.78
2;12.9;60.16
2;12.9;60.1
1;12.9;59.96
1;12.9;59.89
4;12.9;59.18
3;12.9;58.64
1;12.9;57.97
2;12.9;57.92
1;12.9;57.31
1;12.9;57.27
1;12.9;57.27
1;12.9;57.25
1;12.9;57.19
1;12.9;57.02
1;12.9;57.02
1;12.9;55.16
1;12.9;54.48
2;12.9;52.75
1;12.89;59.31
1;12.89;56.24
1;12.89;51.71
4;12.87;69.83
4;12.87;69.6
1;12.87;69.27
1;12.87;68.96
6;12.87;67.77
2;12.87;66.82
1;12.87;66.4
2;12.87;66.14
2;12.87;66.14
6;12.87;65.9
1;12.87;65.39
6;12.87;64.92
2;12.87;64.73
2;12.87;64.6
2;12.87;64.6
1;12.87;64.54
1;12.87;64.29
1;12.87;64.24
1;12.87;64.13
1;12.87;64.13
2;12.87;64.02
2;12.87;63.77
1;12.87;63.52
1;12.87;63.47
1;12.87;63.47
2;12.87;63.23
3;12.87;63.15
3;12.87;63.09
1;12.87;62.94
1;12.87;62.94
1;12.87;62.94
3;12.87;62.88
3;12.87;62.88
1;12.87;62.69
1;12.87;62.69
2;12.87;62.46
3;12.87;62.01
3;12.87;61.91
1;12.87;61.85
1;12.87;61.63
1;12.87;61.63
1;12.87;60.49
1;12.87;60.31
2;12.87;60.18
2;12.87;60.18
2;12.87;60.03
4;12.87;59.73
7;12.87;59.23
2;12.87;59.14
2;12.87;58.82
1;12.87;58.62
8;12.87;58.35
1;12.87;58.24
1;12.87;58.21
1;12.87;58.14
1;12.87;57.72
1;12.87;57.72
1;12.87;57.66
1;12.87;55.8
5;12.87;55.61
1;12.87;54.9
2;12.87;54.74
1;12.87;51.87
2;12.83;69.93
5;12.83;69.6
5;12.83;69.6
1;12.83;69.19
4;12.83;69.09
1;12.83;67.8
2;12.83;67.79
1;12.83;67.35
1;12.83;67.35
3;12.83;66.5
2;12.83;65.98
1;12.83;65.87
5;12.83;65.19
2;12.83;64.17
1;12.83;63.79
1;12.83;63.55
5;12.83;63.44
5;12.83;63.44
2;12.83;62.97
8;12.83;62.63
5;12.83;62.14
5;12.83;62.14
1;12.83;62.06
1;12.83;61.8
2;12.83;60.99
2;12.83;60.27
2;12.83;60.27
1;12.83;59.99
4;12.83;59.98
2;12.83;59.98
2;12.83;59.98
2;12.83;59.78
2;12.83;59.61
1;12.83;59.3
1;12.83;59.3
1;12.83;58.86
1;12.83;58.86
1;12.83;57.32
1;12.83;56.09
1;12.83;53.85
3;12.83;53.27
1;12.82;51.95
1;12.8;67.94
1;12.8;67.5
1;12.8;67.44
9;12.8;67.43
2;12.8;67.26
2;12.8;67.17
2;12.8;67.17
1;12.8;66.61
1;12.8;66.53
6;12.8;65.66
2;12.8;65.31
2;12.8;65.03
2;12.8;65.03
1;12.8;64.76
1;12.8;64.23
6;12.8;64.17
6;12.8;64.17
1;12.8;64.07
5;12.8;63.72
1;12.8;63.24
4;12.8;63.15
2;12.8;62.75
2;12.8;62.74
2;12.8;62.74
1;12.8;62.7
1;12.8;62.68
1;12.8;62.68
3;12.8;62.66
10;12.8;62.52
3;12.8;62.25
4;12.8;62.16
1;12.8;61.93
1;12.8;61.93
2;12.8;61.71
1;12.8;61.26
6;12.8;61.07
3;12.8;60.44
1;12.8;59.99
1;12.8;59.99
4;12.8;59.84
1;12.8;58.46
2;12.8;58.36
1;12.8;58.06
1;12.8;57.02
4;12.8;56.95
2;12.8;55.58
7;12.8;54.98
1;12.8;54.96
1;12.8;54.32
3;12.8;53.56
7;12.8;52.84
2;12.78;52.82
1;12.78;51.91
2;12.77;69.96
6;12.77;69.29
1;12.77;69.04
2;12.77;68.42
1;12.77;67.64
2;12.77;67.64
1;12.77;67.27
1;12.77;67.27
6;12.77;66.92
1;12.77;65.89
2;12.77;65.45
2;12.77;64.44
2;12.77;64.37
5;12.77;63.91
2;12.77;63.9
7;12.77;63.87
7;12.77;63.87
7;12.77;63.87
2;12.77;63.59
3;12.77;63.4
1;12.77;62.98
1;12.77;62.98
1;12.77;62.79
2;12.77;62.76
1;12.77;62.48
1;12.77;62.42
2;12.77;62.33
6;12.77;62.12
3;12.77;61.94
1;12.77;61.93
2;12.77;61.83
2;12.77;61.83
1;12.77;61.09
2;12.77;61.09
2;12.77;61.09
6;12.77;60.58
4;12.77;59.46
1;12.77;59.18
2;12.77;59.09
1;12.77;57.95
1;12.77;57.95
1;12.77;57.74
2;12.77;57.74
2;12.77;57.74
4;12.77;57.17
9;12.77;55.3
1;12.77;53.8
1;12.76;57.65
1;12.75;53.54
1;12.74;54.09
2;12.74;52.27
3;12.73;68.26
2;12.73;67.93
2;12.73;67.93
7;12.73;67.38
2;12.73;66.4
2;12.73;66.4
2;12.73;66.32
1;12.73;66.2
2;12.73;65.87
7;12.73;64.86
2;12.73;64.84
2;12.73;64.73
2;12.73;64.73
1;12.73;64.31
1;12.73;64.16
2;12.73;63.87
1;12.73;63.76
1;12.73;63.05
1;12.73;62.75
2;12.73;62.49
1;12.73;62.43
1;12.73;61.98
1;12.73;61.98
1;12.73;61.88
1;12.73;61.69
1;12.73;61.64
1;12.73;61.39
1;12.73;61.37
2;12.73;61.34
3;12.73;60.89
3;12.73;60.52
3;12.73;60.36
1;12.73;60.02
1;12.73;59.41
2;12.73;58.41
1;12.73;58.04
4;12.73;57.16
2;12.73;57.09
1;12.73;56.52
1;12.73;56.16
1;12.73;56.16
2;12.73;55.93
1;12.73;54.57
1;12.72;51.8
1;12.71;60.81
2;12.71;59.71
3;12.7;69.22
1;12.7;68.88
1;12.7;68.88
1;12.7;67.18
1;12.7;67.18
1;12.7;67.14
3;12.7;66.92
2;12.7;66.87
2;12.7;66.71
1;12.7;65.52
1;12.7;65.44
1;12.7;65
1;12.7;64.84
1;12.7;64.68
1;12.7;64.26
1;12.7;63.43
4;12.7;63.01
4;12.7;62.63
1;12.7;62.61
1;12.7;62.61
2;12.7;62.6
1;12.7;62.25
1;12.7;61.79
2;12.7;61.5
1;12.7;61.21
1;12.7;60.92
1;12.7;60.92
6;12.7;60.63
1;12.7;59.94
2;12.7;59.62
3;12.7;59.44
1;12.7;59.38
1;12.7;59.26
2;12.7;58.4
2;12.7;57.22
1;12.7;56.97
4;12.7;55.85
4;12.7;55.85
3;12.7;54.99
2;12.7;53.02
2;12.7;53
2;12.69;51.73
1;12.68;56.53
1;12.67;69.88
1;12.67;69.88
7;12.67;69.69
3;12.67;69.07
3;12.67;67.23
2;12.67;66.95
2;12.67;66.89
1;12.67;66.88
1;12.67;65.92
3;12.67;65.81
2;12.67;65.75
2;12.67;65.61
2;12.67;64.76
3;12.67;64.48
1;12.67;64.47
1;12.67;64.41
1;12.67;63.95
1;12.67;63.88
1;12.67;63.88
1;12.67;63.82
1;12.67;63.82
1;12.67;63.8
3;12.67;63.6
8;12.67;63.36
3;12.67;63.02
6;12.67;62.63
6;12.67;62.63
5;12.67;62.23
2;12.67;61.92
1;12.67;61.8
1;12.67;61.75
2;12.67;61.72
2;12.67;61.67
2;12.67;61.67
4;12.67;61.51
1;12.67;61.43
2;12.67;61.29
2;12.67;61.29
1;12.67;61.1
3;12.67;60.97
1;12.67;60.78
1;12.67;60.78
1;12.67;60.78
2;12.67;60.67
2;12.67;60.67
1;12.67;60.51
2;12.67;60.24
5;12.67;60.07
2;12.67;59.76
2;12.67;59.76
1;12.67;59.12
2;12.67;58.51
2;12.67;58.37
9;12.67;58.32
1;12.67;57.67
4;12.67;57.32
2;12.67;55.69
1;12.67;55.05
2;12.67;54.99
2;12.67;54.99
2;12.67;50.67
1;12.66;56.61
1;12.64;53.86
2;12.63;69.33
2;12.63;69.32
2;12.63;69.32
5;12.63;68.95
2;12.63;68.29
2;12.63;68.17
2;12.63;67.3
2;12.63;67.3
2;12.63;67.16
2;12.63;65.9
2;12.63;65.62
2;12.63;65.62
4;12.63;65.25
4;12.63;64.8
3;12.63;64.5
1;12.63;64.4
1;12.63;64.29
2;12.63;64.12
2;12.63;64.12
1;12.63;63.86
1;12.63;63.86
1;12.63;63.72
4;12.63;62.68
1;12.63;62.61
1;12.63;62.42
2;12.63;62.41
2;12.63;62.41
1;12.63;61.83
2;12.63;61.81
8;12.63;61.32
8;12.63;61.06
1;12.63;60.9
4;12.63;60.37
1;12.63;60.31
3;12.63;60.12
3;12.63;60.12
3;12.63;59.93
2;12.63;59.09
1;12.63;58.78
2;12.63;58.75
3;12.63;57.92
5;12.63;57.46
1;12.63;57
1;12.63;57
2;12.63;55.7
1;12.63;55.41
1;12.63;54.71
5;12.63;54.41
1;12.63;54.03
1;12.63;54.03
2;12.61;53.35
3;12.61;53.1
1;12.61;52.19
2;12.61;52.05
1;12.6;69.11
2;12.6;69.04
1;12.6;68.55
3;12.6;68.51
6;12.6;68.4
1;12.6;67.16
4;12.6;66.78
2;12.6;66.66
1;12.6;66.52
1;12.6;66.5
2;12.6;65.39
1;12.6;65.39
1;12.6;65.24
1;12.6;65.19
1;12.6;65.19
1;12.6;64.8
3;12.6;64.68
1;12.6;64.51
1;12.6;64.46
6;12.6;64.27
2;12.6;64.25
3;12.6;63.76
3;12.6;63.66
3;12.6;63.48
1;12.6;63.33
6;12.6;63.31
1;12.6;63.3
1;12.6;63.3
1;12.6;63.24
1;12.6;63.24
2;12.6;62.98
1;12.6;62.46
5;12.6;62.24
2;12.6;61.9
1;12.6;61.79
1;12.6;61.54
2;12.6;60.68
1;12.6;60.33
2;12.6;60.22
1;12.6;60.15
1;12.6;60.14
2;12.6;60.13
2;12.6;60.13
2;12.6;60.13
2;12.6;60.13
1;12.6;59.95
1;12.6;59.93
1;12.6;59.61
7;12.6;59.36
7;12.6;59.36
3;12.6;59.13
1;12.6;58.38
2;12.6;58.37
2;12.6;57.29
1;12.6;56.81
1;12.6;56.81
6;12.6;55.72
1;12.6;55.69
2;12.6;55.29
2;12.6;55.09
8;12.6;52.38
8;12.6;52.38
1;12.59;61.1
1;12.59;56.95
1;12.59;56.95
2;12.59;55.11
1;12.58;50.17
1;12.57;66.83
2;12.57;66.75
2;12.57;66.75
1;12.57;66.75
1;12.57;66.75
1;12.57;65.55
1;12.57;65.08
2;12.57;64.93
1;12.57;64.75
2;12.57;64.32
2;12.57;64.32
2;12.57;64.32
1;12.57;64.15
1;12.57;63.72
2;12.57;63.3
5;12.57;63.07
5;12.57;63.07
1;12.57;62.14
2;12.57;62.04
2;12.57;62.01
2;12.57;61.77
2;12.57;61.76
1;12.57;61.76
1;12.57;61.71
3;12.57;61.34
1;12.57;61.07
1;12.57;61.07
3;12.57;60.83
3;12.57;60.42
1;12.57;58.91
2;12.57;58.8
3;12.57;58.52
7;12.57;57.54
2;12.57;56.65
2;12.57;56.65
10;12.57;56.2
10;12.57;56
1;12.57;55.7
1;12.57;55.27
2;12.57;54.43
5;12.57;53.96
3;12.57;52.9
2;12.57;51.7
2;12.53;67.46
8;12.53;66.71
3;12.53;66.7
2;12.53;66.58
2;12.53;66.08
1;12.53;66.07
1;12.53;65.27
3;12.53;64.95
3;12.53;64.95
3;12.53;64.7
7;12.53;64.25
2;12.53;63.3
1;12.53;63.18
2;12.53;62.98
1;12.53;62.57
2;12.53;62.53
1;12.53;62.1
2;12.53;61.97
2;12.53;61.69
1;12.53;61.39
1;12.53;60.89
1;12.53;60.87
1;12.53;60.58
2;12.53;60.46
1;12.53;60.16
1;12.53;60.16
1;12.53;60.16
2;12.53;59.72
8;12.53;59.03
2;12.53;58.97
2;12.53;58.68
1;12.53;58.49
2;12.53;58.35
1;12.53;58.09
1;12.53;57.95
3;12.53;57.8
3;12.53;57.71
1;12.53;52.89
6;12.53;50.81
1;12.5;68.49
1;12.5;67.74
2;12.5;67.14
2;12.5;66.42
1;12.5;66.16
2;12.5;65.93
2;12.5;65.53
2;12.5;65.53
1;12.5;65.46
2;12.5;64.92
1;12.5;64.7
1;12.5;64.23
1;12.5;64.14
1;12.5;64.1
2;12.5;63.26
1;12.5;63.02
7;12.5;62.6
3;12.5;62.11
2;12.5;62.01
2;12.5;62.01
4;12.5;61.73
2;12.5;60.66
1;12.5;59.08
1;12.5;59.08
1;12.5;59.03
2;12.5;58.91
2;12.5;58.91
1;12.5;58.87
1;12.5;58.87
2;12.5;58.81
5;12.5;58.81
5;12.5;58.81
1;12.5;57.01
2;12.5;54.54
2;12.5;54.54
4;12.5;53.75
1;12.5;51.7
1;12.49;57.03
1;12.49;54.24
4;12.48;56.63
1;12.48;55.71
1;12.48;53.63
5;12.47;69.03
7;12.47;68.49
2;12.47;68.05
2;12.47;67.95
4;12.47;66.32
2;12.47;65.61
1;12.47;65.61
10;12.47;65.43
7;12.47;64.9
1;12.47;63.58
1;12.47;63.54
2;12.47;63.05
2;12.47;62.87
2;12.47;62.3
1;12.47;62.22
4;12.47;62.14
2;12.47;61.64
2;12.47;61.64
1;12.47;61.47
2;12.47;61.25
1;12.47;60.94
1;12.47;60.72
4;12.47;59.84
2;12.47;59.64
2;12.47;59.61
5;12.47;59.51
1;12.47;59.23
6;12.47;59.09
1;12.47;58.89
2;12.47;58.37
1;12.47;57.77
2;12.47;57.55
2;12.47;57.5
2;12.47;57.5
2;12.47;54.4
7;12.46;59.04
1;12.46;53.97
1;12.46;51.32
6;12.43;69.21
1;12.43;69.01
1;12.43;69.01
1;12.43;69.01
2;12.43;68.28
1;12.43;68.16
1;12.43;67.79
1;12.43;67.79
4;12.43;66.6
2;12.43;66.19
2;12.43;66.19
2;12.43;66.19
1;12.43;66.16
2;12.43;66.15
3;12.43;64.8
1;12.43;64.8
2;12.43;62.6
1;12.43;62.43
3;12.43;62.28
1;12.43;61.5
3;12.43;60.81
1;12.43;60.79
1;12.43;60.66
1;12.43;60.46
2;12.43;60.27
2;12.43;60.27
4;12.43;59.85
2;12.43;59.46
2;12.43;59.46
7;12.43;59.36
1;12.43;58.93
2;12.43;58.81
2;12.43;58.48
2;12.43;58.37
2;12.43;58.37
2;12.43;58.37
1;12.43;57.11
3;12.43;54.94
3;12.43;54.94
1;12.43;51.09
1;12.42;58.85
2;12.41;51.97
1;12.4;67.71
2;12.4;67.45
2;12.4;67.25
2;12.4;66.65
2;12.4;66.65
2;12.4;66.65
5;12.4;66.45
3;12.4;66.21
1;12.4;66.08
4;12.4;66.04
7;12.4;65.87
5;12.4;65.74
1;12.4;65.41
1;12.4;65.37
1;12.4;65.37
2;12.4;65.14
1;12.4;64.19
1;12.4;64.19
2;12.4;63.55
4;12.4;63.5
1;12.4;63.35
1;12.4;63.35
1;12.4;63.1
2;12.4;63
1;12.4;62.37
2;12.4;62.14
1;12.4;62.07
5;12.4;61.96
2;12.4;61.76
2;12.4;61.74
2;12.4;61.36
1;12.4;60.95
5;12.4;60.8
4;12.4;60.5
3;12.4;60.35
2;12.4;60.24
2;12.4;60.08
1;12.4;60.08
2;12.4;59.64
1;12.4;59.08
1;12.4;58.58
4;12.4;58.41
2;12.4;58.29
2;12.4;58.29
1;12.4;57.98
1;12.4;57.67
3;12.4;57.65
5;12.4;57.53
2;12.4;57.46
2;12.4;56.86
5;12.4;53.61
5;12.4;52.67
1;12.38;51.99
1;12.37;69.42
1;12.37;68.21
1;12.37;68.21
1;12.37;67.59
1;12.37;67.59
3;12.37;66.79
4;12.37;66.71
2;12.37;66.45
2;12.37;66.45
2;12.37;66.44
2;12.37;66.15
1;12.37;65.62
1;12.37;64.68
1;12.37;64.51
1;12.37;63.94
2;12.37;63.93
4;12.37;63.79
1;12.37;63.5
1;12.37;63.29
1;12.37;63.14
1;12.37;62.7
5;12.37;62.43
3;12.37;61.82
5;12.37;61.82
2;12.37;61.77
2;12.37;61.7
2;12.37;61.7
2;12.37;61.28
1;12.37;60.99
2;12.37;60.61
2;12.37;59.82
2;12.37;59.81
2;12.37;59.81
10;12.37;59.44
3;12.37;58.68
2;12.37;58.44
1;12.37;58.43
3;12.37;58.17
1;12.37;58.03
3;12.37;57.83
1;12.37;57.71
2;12.37;57.22
3;12.37;57.11
1;12.37;56.58
4;12.37;54.39
2;12.37;53.9
2;12.37;53.27
1;12.35;50.69
1;12.33;69.04
1;12.33;68.64
3;12.33;68.24
1;12.33;67.86
1;12.33;67.75
2;12.33;67.36
2;12.33;67.16
1;12.33;66.59
4;12.33;66.58
5;12.33;66.51
4;12.33;66.45
1;12.33;66.37
1;12.33;66.22
1;12.33;66.22
1;12.33;66
1;12.33;65.97
1;12.33;65.79
1;12.33;65.73
2;12.33;65.67
1;12.33;65.25
2;12.33;64.94
2;12.33;64.94
1;12.33;64.93
2;12.33;64.74
2;12.33;64.61
7;12.33;64.54
2;12.33;64.38
2;12.33;64.38
1;12.33;64.18
2;12.33;63.62
3;12.33;63.57
1;12.33;63.41
4;12.33;63.3
4;12.33;63.3
1;12.33;63.18
5;12.33;62.81
2;12.33;62.57
1;12.33;62.52
1;12.33;62.52
3;12.33;62.44
3;12.33;62.4
2;12.33;62.2
1;12.33;62.17
2;12.33;61.93
4;12.33;60.68
4;12.33;60.62
2;12.33;60.11
2;12.33;59.73
1;12.33;59.24
1;12.33;58.95
1;12.33;58.87
1;12.33;58.87
2;12.33;58.51
2;12.33;58.51
3;12.33;58
3;12.33;56.8
3;12.33;56.8
3;12.33;56.8
7;12.33;55.75
1;12.33;55.31
3;12.33;55.16
2;12.33;54.88
2;12.33;52.69
2;12.3;67.78
2;12.3;67.78
2;12.3;67.65
2;12.3;67.53
5;12.3;67.24
2;12.3;67.16
8;12.3;66.9
1;12.3;66.46
4;12.3;65.64
1;12.3;65.29
1;12.3;65.05
4;12.3;64.6
1;12.3;64.35
2;12.3;64.17
1;12.3;62.82
1;12.3;62.68
1;12.3;61.44
1;12.3;61.44
3;12.3;61.11
2;12.3;60.87
1;12.3;60.67
2;12.3;59.22
2;12.3;59.19
2;12.3;59.19
4;12.3;59.11
1;12.3;58.95
1;12.3;58.95
4;12.3;58.44
2;12.3;57.06
2;12.3;57.06
1;12.3;56.54
2;12.3;56.4
2;12.3;56.4
2;12.3;56.4
2;12.3;54.93
1;12.3;54.92
2;12.3;54.28
5;12.3;53.06
1;12.29;55.48
1;12.27;67.71
2;12.27;67.48
3;12.27;66.99
1;12.27;66.35
1;12.27;65.97
1;12.27;65.97
3;12.27;65.8
1;12.27;65.74
1;12.27;65.33
6;12.27;65.04
1;12.27;64.55
2;12.27;64.45
1;12.27;63.32
2;12.27;62.91
1;12.27;62.82
1;12.27;62.82
1;12.27;62.74
2;12.27;62.24
2;12.27;62.24
2;12.27;62.24
2;12.27;62.24
4;12.27;62.16
2;12.27;62.11
2;12.27;62.11
1;12.27;61.64
3;12.27;61.5
1;12.27;61.46
2;12.27;61.29
2;12.27;61.29
1;12.27;61.27
1;12.27;61.27
1;12.27;61.01
2;12.27;60.76
3;12.27;60.68
3;12.27;60.62
2;12.27;60.53
1;12.27;60.31
4;12.27;60.21
2;12.27;60.21
2;12.27;59.77
5;12.27;59.75
2;12.27;59.33
2;12.27;59.22
3;12.27;58.79
3;12.27;58.46
1;12.27;56.78
1;12.27;55.51
2;12.27;55.01
3;12.27;54.9
1;12.25;57.4
2;12.25;55.58
2;12.23;69.14
1;12.23;67.29
1;12.23;67.09
2;12.23;66.95
2;12.23;66.95
2;12.23;65.51
2;12.23;65.51
2;12.23;64.77
4;12.23;64.59
1;12.23;64.3
1;12.23;64.3
2;12.23;64.05
3;12.23;63.51
1;12.23;63.42
2;12.23;63.39
6;12.23;63.38
1;12.23;63.35
1;12.23;63.1
2;12.23;62.87
3;12.23;62.46
2;12.23;62.23
1;12.23;62.2
1;12.23;62.15
1;12.23;61.92
2;12.23;61.45
2;12.23;61.35
2;12.23;61.15
2;12.23;61.15
1;12.23;60.68
1;12.23;60.03
1;12.23;59.79
1;12.23;59.02
1;12.23;58.87
1;12.23;58.87
4;12.23;58.4
1;12.23;58.09
1;12.23;58.03
1;12.23;56.39
2;12.23;55.14
2;12.23;54.45
1;12.22;50.93
1;12.2;69.16
1;12.2;67.75
1;12.2;67.58
1;12.2;67.58
1;12.2;66.64
1;12.2;66.59
6;12.2;66.26
5;12.2;66.08
1;12.2;65.65
3;12.2;65.54
3;12.2;65.48
2;12.2;64.84
1;12.2;64.57
5;12.2;64.37
1;12.2;64.03
8;12.2;63.59
3;12.2;63.35
2;12.2;62.38
2;12.2;62.38
2;12.2;62.36
2;12.2;62.31
2;12.2;62.31
2;12.2;62.31
2;12.2;62.31
2;12.2;62.14
1;12.2;62.12
1;12.2;62.05
2;12.2;61.99
2;12.2;61.81
2;12.2;61.67
1;12.2;61.52
5;12.2;61.17
2;12.2;60.95
2;12.2;60.95
2;12.2;60.92
5;12.2;60.62
1;12.2;59.98
1;12.2;59.46
1;12.2;59.41
2;12.2;59.33
1;12.2;58.94
1;12.2;58.46
1;12.2;58.46
7;12.2;57.98
1;12.2;57.41
1;12.2;56.68
1;12.2;56.42
3;12.2;56.25
1;12.2;56.24
1;12.2;56.24
1;12.2;55.77
1;12.2;55.16
2;12.2;55.08
2;12.2;53.43
2;12.2;53.43
2;12.2;53.43
2;12.2;53.43
1;12.2;53.25
2;12.2;52.47
4;12.2;52.41
4;12.2;52.41
1;12.18;54
1;12.17;69.03
1;12.17;68.54
1;12.17;68.26
2;12.17;67.73
6;12.17;67.53
2;12.17;66.98
2;12.17;66.93
1;12.17;66.4
1;12.17;65.37
1;12.17;64.19
4;12.17;63.64
5;12.17;62.67
2;12.17;61.87
2;12.17;61.84
1;12.17;61.63
5;12.17;61.17
1;12.17;61.07
1;12.17;60.96
1;12.17;60.83
1;12.17;60.81
2;12.17;60.44
1;12.17;60.05
2;12.17;59.25
1;12.17;51.57
1;12.16;57.82
4;12.16;52.1
1;12.15;65.97
2;12.13;69.76
2;12.13;69.21
1;12.13;68.16
1;12.13;67.12
1;12.13;67.12
1;12.13;66.67
1;12.13;66.41
2;12.13;66.19
2;12.13;66.19
1;12.13;66.1
1;12.13;65.99
1;12.13;65.95
1;12.13;65.95
2;12.13;65.77
1;12.13;65.65
3;12.13;65.57
1;12.13;65.5
1;12.13;65.44
2;12.13;65.19
1;12.13;64.9
1;12.13;64.19
1;12.13;64.19
1;12.13;64.19
3;12.13;64.18
1;12.13;64.05
1;12.13;63.94
1;12.13;63.76
1;12.13;63.69
1;12.13;63.2
5;12.13;63.06
1;12.13;62.94
1;12.13;62.79
1;12.13;62.59
1;12.13;62.59
9;12.13;62.39
4;12.13;62.24
5;12.13;62.12
1;12.13;62.08
1;12.13;61.79
1;12.13;61.77
1;12.13;61.76
2;12.13;61.44
2;12.13;61.44
2;12.13;61.44
2;12.13;60.83
1;12.13;60.76
1;12.13;60.72
9;12.13;60.57
2;12.13;60.23
5;12.13;59.93
3;12.13;59.77
1;12.13;59.71
1;12.13;59.23
1;12.13;58.83
1;12.13;58.7
1;12.13;58.7
2;12.13;58.59
1;12.13;58.28
1;12.13;57.3
1;12.13;55.99
1;12.13;55.99
1;12.13;55.8
1;12.13;55.79
1;12.13;53.91
1;12.13;53.91
2;12.13;51.66
1;12.11;60.57
2;12.11;56.06
2;12.11;55.37
8;12.1;69.03
1;12.1;68.22
1;12.1;68.13
4;12.1;66.77
4;12.1;66.55
4;12.1;66.55
2;12.1;66.32
2;12.1;64.47
4;12.1;63.93
1;12.1;63.75
3;12.1;63.62
1;12.1;63.3
1;12.1;63.3
1;12.1;63.01
1;12.1;63.01
5;12.1;62.7
5;12.1;62.7
2;12.1;62.67
4;12.1;62.63
2;12.1;62.45
1;12.1;62.25
1;12.1;62.25
2;12.1;61.4
1;12.1;60.92
1;12.1;60.92
2;12.1;60.82
1;12.1;60.19
1;12.1;60.17
1;12.1;59.51
2;12.1;58.85
1;12.1;58.82
1;12.1;58.82
1;12.1;58.45
4;12.1;58.44
3;12.1;58.43
2;12.1;58.38
3;12.1;58.33
1;12.1;58.32
1;12.1;58.17
6;12.1;58.13
1;12.1;58.1
1;12.1;57.11
2;12.1;54.13
5;12.1;50.12
2;12.07;69.92
2;12.07;68.74
2;12.07;68.74
2;12.07;68.74
1;12.07;67.18
2;12.07;66.79
2;12.07;66.79
2;12.07;65.96
2;12.07;65.96
1;12.07;65.47
1;12.07;65.47
1;12.07;65.37
2;12.07;65.15
1;12.07;64.94
1;12.07;64.9
9;12.07;64.77
9;12.07;64.77
1;12.07;64.32
1;12.07;64.03
2;12.07;63.66
2;12.07;63.48
2;12.07;62.82
2;12.07;62.6
2;12.07;62.27
3;12.07;62.24
2;12.07;61.74
2;12.07;61.26
2;12.07;61.18
4;12.07;61.17
1;12.07;61.14
3;12.07;60.84
5;12.07;60.81
4;12.07;60.53
1;12.07;60.41
3;12.07;60.09
5;12.07;59.38
1;12.07;58.93
1;12.07;57.33
1;12.07;57.09
1;12.07;55.63
1;12.07;55.63
6;12.07;54.12
2;12.07;53.48
2;12.06;53.35
1;12.05;55.26
1;12.04;52.16
1;12.03;68.74
2;12.03;68.67
2;12.03;68.64
6;12.03;67.17
1;12.03;67.16
2;12.03;66.98
2;12.03;66.21
1;12.03;66.14
1;12.03;65.96
1;12.03;65.96
1;12.03;65.75
1;12.03;65.15
2;12.03;64.73
2;12.03;64.58
2;12.03;64.52
10;12.03;64.36
3;12.03;63.9
3;12.03;63.9
5;12.03;63.52
3;12.03;63.22
3;12.03;63.22
1;12.03;62.73
2;12.03;62.43
1;12.03;62.16
1;12.03;62.16
1;12.03;62.15
2;12.03;61.9
2;12.03;61.9
2;12.03;61.9
1;12.03;61.5
1;12.03;61.5
2;12.03;61.43
2;12.03;61.43
2;12.03;61.43
1;12.03;61.4
1;12.03;61.4
1;12.03;61.4
2;12.03;61.37
2;12.03;61.37
4;12.03;61.19
4;12.03;61.19
4;12.03;61.19
1;12.03;61.19
1;12.03;61.09
1;12.03;61.09
2;12.03;60.65
1;12.03;60.6
1;12.03;60.52
2;12.03;60.33
1;12.03;59.62
1;12.03;59.27
1;12.03;59.27
3;12.03;59.22
2;12.03;59.18
2;12.03;59.18
2;12.03;57.33
9;12.03;57.27
6;12.03;56.32
6;12.03;56.32
3;12.03;54.38
2;12.01;52.51
2;12.01;50.28
1;12;69.57
1;12;69.57
4;12;69.4
1;12;69.22
2;12;68.67
2;12;68.67
2;12;68.67
9;12;68.19
5;12;67.75
5;12;67.75
1;12;67.56
2;12;66.92
1;12;66.78
1;12;66.37
2;12;65.74
2;12;65.19
2;12;65.16
1;12;64.87
1;12;64.87
4;12;64.71
1;12;64.1
1;12;63.9
1;12;63.3
4;12;63.17
2;12;62.85
1;12;62.71
2;12;62.51
1;12;62.33
2;12;62.21
2;12;62.11
2;12;62.03
1;12;61.87
5;12;61.66
1;12;61.52
6;12;61.18
6;12;61.18
1;12;61.09
1;12;61.07
2;12;60.92
2;12;60.92
2;12;60.92
2;12;60.75
2;12;60.75
5;12;60.2
1;12;59.08
3;12;58.87
1;12;58.75
3;12;57.99
1;12;57.91
1;12;57.91
2;12;57.41
2;12;56.92
1;12;56.9
1;12;56.07
2;12;55.34
2;12;55.34
1;12;54.38
1;11.99;52.85
1;11.97;68.46
2;11.97;67.53
3;11.97;66.94
2;11.97;66.23
1;11.97;65.96
2;11.97;65.82
2;11.97;65.82
1;11.97;65.8
1;11.97;65.59
2;11.97;65.5
1;11.97;65.3
1;11.97;65.3
1;11.97;65.3
2;11.97;64.48
3;11.97;64.13
3;11.97;63.87
8;11.97;63.61
1;11.97;63.54
1;11.97;63.54
2;11.97;63.47
2;11.97;63.22
1;11.97;62.48
1;11.97;61.76
1;11.97;60.87
1;11.97;60.87
2;11.97;60.67
3;11.97;60.3
2;11.97;60.25
2;11.97;60.25
5;11.97;60.25
3;11.97;60.1
1;11.97;60.06
2;11.97;58.25
1;11.97;57.97
1;11.97;57.97
2;11.97;57.96
1;11.97;57.87
2;11.97;57.74
1;11.97;56.58
2;11.97;54.62
1;11.97;54.54
2;11.97;52.75
7;11.97;50.89
1;11.94;59.57
1;11.93;69
1;11.93;66.41
1;11.93;65.34
2;11.93;64.71
2;11.93;64.45
1;11.93;64.37
1;11.93;63.81
1;11.93;63.73
3;11.93;63.56
3;11.93;63.52
1;11.93;63.33
1;11.93;63.24
5;11.93;63.05
2;11.93;62.36
4;11.93;62.03
1;11.93;61.93
2;11.93;61.55
2;11.93;61.55
2;11.93;61.55
2;11.93;61.44
1;11.93;60.61
2;11.93;60.53
2;11.93;60.35
8;11.93;59.79
2;11.93;59.12
1;11.93;58.52
1;11.93;58.35
6;11.93;58.13
4;11.93;57.31
4;11.93;57.31
2;11.93;57.2
2;11.93;57.2
1;11.93;57.01
3;11.93;56.91
4;11.93;56.72
1;11.93;55.44
1;11.93;53.76
3;11.93;52.31
1;11.92;59.21
1;11.91;53.91
1;11.9;68.52
1;11.9;67.83
2;11.9;67.76
3;11.9;67.31
1;11.9;67.23
1;11.9;67.23
2;11.9;67.21
6;11.9;66.89
6;11.9;66.89
2;11.9;65.69
1;11.9;64.27
6;11.9;64.26
4;11.9;64.21
4;11.9;63.76
5;11.9;63.37
7;11.9;62.74
1;11.9;61.34
1;11.9;61.3
1;11.9;61.18
2;11.9;60.88
2;11.9;60.78
7;11.9;60.77
1;11.9;59.96
2;11.9;59.91
1;11.9;59.36
8;11.9;59.17
1;11.9;58.96
1;11.9;57.48
1;11.9;56.75
6;11.9;56.09
1;11.9;56.08
1;11.9;56.08
2;11.9;55.79
4;11.9;52.21
1;11.88;56.55
3;11.87;67.27
1;11.87;65.8
1;11.87;64.76
3;11.87;64.37
1;11.87;64.15
2;11.87;63.73
2;11.87;63.73
2;11.87;63.73
2;11.87;63.73
5;11.87;63.67
7;11.87;63.62
1;11.87;63.38
1;11.87;63.36
1;11.87;63.36
1;11.87;63.09
2;11.87;63.01
2;11.87;63.01
1;11.87;62.65
3;11.87;62.32
1;11.87;62.15
2;11.87;62.15
1;11.87;61.24
3;11.87;61.16
2;11.87;60.93
1;11.87;60.65
1;11.87;59.62
2;11.87;59.34
2;11.87;59.33
2;11.87;59.33
6;11.87;58.01
1;11.87;57.32
1;11.87;56.92
2;11.87;56.38
1;11.87;56.21
3;11.87;55.3
1;11.87;53.82
1;11.87;53.76
1;11.87;53.76
1;11.87;52.26
1;11.87;51.63
1;11.87;50.46
1;11.86;51.21
2;11.85;56.68
5;11.85;52.27
2;11.83;68.8
1;11.83;66.95
2;11.83;66.85
2;11.83;66.85
2;11.83;66.68
5;11.83;66.13
1;11.83;65.94
3;11.83;65.87
6;11.83;65.23
2;11.83;64.91
2;11.83;64.76
1;11.83;64.73
2;11.83;64.48
1;11.83;64.44
1;11.83;64.41
1;11.83;64.41
1;11.83;64.33
7;11.83;64.32
5;11.83;64.17
5;11.83;64.17
5;11.83;64.17
1;11.83;64
1;11.83;63.76
1;11.83;63.19
2;11.83;62.81
1;11.83;62.79
2;11.83;62.51
2;11.83;62.51
1;11.83;61.65
1;11.83;61.65
1;11.83;61.65
6;11.83;61.57
2;11.83;61.38
2;11.83;60.88
2;11.83;60.68
2;11.83;60.58
1;11.83;60.3
3;11.83;59.93
8;11.83;59.55
2;11.83;59.17
2;11.83;59.17
2;11.83;59.17
2;11.83;59.03
1;11.83;58.96
1;11.83;58.96
4;11.83;58.94
4;11.83;58.94
2;11.83;58.57
2;11.83;58.57
2;11.83;58.35
2;11.83;57.7
1;11.83;55.27
4;11.83;53.15
1;11.83;51.7
1;11.81;56.04
3;11.8;68.53
2;11.8;68.47
2;11.8;68.47
2;11.8;67.87
2;11.8;67.54
1;11.8;67.08
2;11.8;67.03
3;11.8;66.71
5;11.8;66.29
5;11.8;66.29
3;11.8;65.87
3;11.8;65.87
3;11.8;65.87
2;11.8;65.76
1;11.8;65.7
1;11.8;65.7
2;11.8;65.52
1;11.8;65.52
2;11.8;65.34
8;11.8;64.92
2;11.8;64.01
1;11.8;62.87
1;11.8;62.33
1;11.8;62.33
2;11.8;62.26
2;11.8;61.69
2;11.8;61.69
2;11.8;61.69
2;11.8;61.69
1;11.8;61.14
2;11.8;61.04
1;11.8;60.12
1;11.8;60.12
1;11.8;59.7
8;11.8;59.44
2;11.8;59.16
2;11.8;59.16
2;11.8;59.16
1;11.8;59.02
2;11.8;58.73
1;11.8;58.56
1;11.8;58.56
4;11.8;58.41
5;11.8;57.92
1;11.8;57.73
1;11.8;57.73
1;11.8;57.73
2;11.8;57.69
1;11.8;57.66
3;11.8;57.32
2;11.8;56.93
2;11.8;56.93
3;11.8;56.76
3;11.8;55.59
1;11.8;55.34
7;11.8;52.82
2;11.8;52.82
1;11.8;52.07
2;11.8;52.06
2;11.77;68.7
2;11.77;68.61
2;11.77;68.61
2;11.77;68.1
2;11.77;68.1
1;11.77;67.61
1;11.77;66.71
1;11.77;66.68
2;11.77;66.28
2;11.77;65.77
1;11.77;65.4
1;11.77;64.75
2;11.77;64.66
4;11.77;64.48
1;11.77;64.14
1;11.77;63.52
1;11.77;63.45
2;11.77;63.37
2;11.77;63.27
2;11.77;63.27
2;11.77;63
1;11.77;62.41
1;11.77;62.39
2;11.77;61.76
1;11.77;61.6
1;11.77;61.54
1;11.77;61.38
1;11.77;61.2
8;11.77;61.18
1;11.77;61.18
6;11.77;60.74
3;11.77;60.1
3;11.77;60.1
2;11.77;59.58
2;11.77;59.58
1;11.77;59.06
1;11.77;59.06
2;11.77;59.05
1;11.77;58.07
1;11.77;57.85
3;11.77;57.5
2;11.77;56.54
2;11.77;56.54
2;11.77;56.54
5;11.77;54.13
1;11.77;52.67
1;11.76;58.4
1;11.74;58.78
2;11.73;68.47
2;11.73;66.29
1;11.73;65.61
2;11.73;65.19
9;11.73;64.96
4;11.73;64.72
2;11.73;64.26
5;11.73;63.81
1;11.73;63.75
1;11.73;63.66
1;11.73;63.66
2;11.73;63.3
2;11.73;63.3
1;11.73;62.76
2;11.73;62.63
1;11.73;62.52
1;11.73;62.38
6;11.73;62.37
5;11.73;61.73
2;11.73;61.38
2;11.73;61.38
2;11.73;61.22
1;11.73;61.13
1;11.73;61.13
2;11.73;61.12
1;11.73;60.6
4;11.73;60.35
1;11.73;59.24
1;11.73;59.02
2;11.73;58.28
1;11.73;57.95
9;11.73;57.45
2;11.73;56.85
2;11.73;56.85
1;11.73;56.05
1;11.73;52.69
2;11.73;51.1
2;11.73;51.1
2;11.7;68.93
3;11.7;66.82
4;11.7;65.86
1;11.7;65.53
6;11.7;65.51
1;11.7;65.26
1;11.7;65.17
1;11.7;65.17
2;11.7;64.32
8;11.7;64.01
1;11.7;63.89
1;11.7;63.83
2;11.7;63.82
1;11.7;63.26
1;11.7;63.21
5;11.7;62.9
5;11.7;62.9
2;11.7;62.66
2;11.7;62.46
2;11.7;62.38
5;11.7;62.33
2;11.7;62.28
7;11.7;61.7
1;11.7;61.54
1;11.7;61.21
1;11.7;61.21
2;11.7;61.07
2;11.7;61.07
1;11.7;60.66
1;11.7;59.56
4;11.7;59.44
2;11.7;58.27
2;11.7;57.92
1;11.7;57.83
4;11.7;56.53
2;11.7;55.95
2;11.7;54.14
3;11.7;53.82
3;11.7;53.82
3;11.7;53.82
1;11.67;68.72
1;11.67;68.72
5;11.67;66.64
4;11.67;65.87
2;11.67;65.55
1;11.67;65.5
3;11.67;65.1
1;11.67;64.96
1;11.67;64.95
1;11.67;63.82
1;11.67;63.82
1;11.67;63.01
3;11.67;62.78
3;11.67;62.78
1;11.67;62.77
3;11.67;62.3
1;11.67;61.27
1;11.67;61.27
1;11.67;60.68
2;11.67;60.6
1;11.67;60.24
1;11.67;60.09
1;11.67;59.88
1;11.67;59.8
1;11.67;59.58
1;11.67;59.53
1;11.67;59.52
7;11.67;59.43
3;11.67;59.17
3;11.67;59.17
1;11.67;58.71
4;11.67;58.7
1;11.67;58.35
1;11.67;58.35
1;11.67;57.95
2;11.67;57.94
1;11.67;57.31
1;11.67;56.74
1;11.67;56.74
1;11.67;56.35
1;11.67;54.82
2;11.67;54.4
5;11.65;67.75
5;11.65;67.75
5;11.65;65.18
2;11.65;56.99
2;11.65;51.28
1;11.63;67.79
1;11.63;67.64
1;11.63;66.76
3;11.63;66.75
2;11.63;66.43
3;11.63;66.08
1;11.63;65.22
1;11.63;65.18
2;11.63;64.88
2;11.63;64.88
3;11.63;64.8
3;11.63;64.71
1;11.63;63.92
1;11.63;63.76
2;11.63;62.92
2;11.63;62.92
2;11.63;62.61
2;11.63;61.93
2;11.63;61.93
2;11.63;61.87
3;11.63;61.34
3;11.63;61.34
2;11.63;61
3;11.63;59.56
3;11.63;58.91
1;11.63;58.63
2;11.63;58.07
1;11.63;57.74
1;11.63;56.79
3;11.6;68.23
4;11.6;68.1
4;11.6;68.1
2;11.6;67.8
5;11.6;67.67
2;11.6;67.51
4;11.6;67.16
1;11.6;66.94
1;11.6;66.77
1;11.6;66.32
1;11.6;66.32
2;11.6;65.67
1;11.6;64.05
1;11.6;64.05
2;11.6;63.85
2;11.6;63.81
1;11.6;63.75
1;11.6;63.75
1;11.6;63.73
1;11.6;63.68
2;11.6;63.51
1;11.6;62.02
1;11.6;61.67
2;11.6;61.58
2;11.6;61.57
1;11.6;60.94
1;11.6;60.82
2;11.6;60.41
1;11.6;59.84
1;11.6;59.84
1;11.6;59.18
5;11.6;58.21
2;11.6;57.46
4;11.6;57.28
2;11.6;53.73
1;11.6;53.69
3;11.6;52.99
2;11.6;50.81
2;11.6;50.59
7;11.59;50.54
1;11.57;69.58
1;11.57;66.79
4;11.57;66.39
4;11.57;66.33
2;11.57;66.16
2;11.57;66.14
1;11.57;65.33
1;11.57;65.2
1;11.57;65.2
2;11.57;65.14
1;11.57;64.63
2;11.57;64.33
1;11.57;64.07
4;11.57;63.56
7;11.57;62.85
1;11.57;62.5
2;11.57;62.39
1;11.57;61.94
1;11.57;61.8
2;11.57;61.55
2;11.57;61.55
2;11.57;61.55
1;11.57;61.31
1;11.57;58.73
1;11.57;58.73
1;11.57;58.14
3;11.57;57.55
5;11.57;57.54
2;11.57;57.09
1;11.57;56.87
1;11.57;55.19
2;11.57;54.39
1;11.57;53.92
1;11.57;52.44
1;11.54;51.45
2;11.53;69.6
2;11.53;69.6
1;11.53;67.9
2;11.53;67.41
2;11.53;67.41
1;11.53;66.26
2;11.53;66.08
2;11.53;66.08
1;11.53;65.92
1;11.53;65.92
1;11.53;65.48
3;11.53;65.36
1;11.53;64.06
1;11.53;63.82
1;11.53;63.82
3;11.53;63.77
3;11.53;62.43
2;11.53;61.86
2;11.53;61.51
2;11.53;61.51
3;11.53;61.24
8;11.53;60.32
8;11.53;60.32
3;11.53;60.04
7;11.53;59.84
1;11.53;59.79
1;11.53;59.75
3;11.53;59.53
1;11.53;59.49
2;11.53;59.42
4;11.53;57.71
2;11.53;57.7
1;11.53;57.63
1;11.53;56.87
1;11.53;56.87
1;11.53;56.36
2;11.53;56.08
1;11.53;54.9
2;11.53;52.59
5;11.5;69.45
4;11.5;68.94
2;11.5;68.06
2;11.5;66.77
2;11.5;66.6
2;11.5;66.14
2;11.5;65.18
2;11.5;65.18
1;11.5;64.87
4;11.5;64.78
5;11.5;64.55
2;11.5;64.32
2;11.5;64.3
5;11.5;63.98
2;11.5;63.01
4;11.5;62.55
1;11.5;62.53
1;11.5;62.53
1;11.5;61.78
2;11.5;60.66
6;11.5;60.33
2;11.5;59.84
1;11.5;59.49
2;11.5;59.34
1;11.5;58.54
2;11.5;57.41
5;11.5;56.69
1;11.5;56.66
1;11.5;55.09
3;11.5;53.43
2;11.5;53.23
2;11.5;53.23
3;11.5;51.76
1;11.49;56.43
1;11.49;56.2
2;11.47;68.32
1;11.47;68.03
2;11.47;67.26
1;11.47;66.95
2;11.47;66.6
1;11.47;66.39
1;11.47;66.02
5;11.47;66
2;11.47;65.93
2;11.47;65.22
1;11.47;65.04
1;11.47;65
1;11.47;65
2;11.47;64.91
4;11.47;64.16
2;11.47;63.95
2;11.47;63.95
1;11.47;63.84
4;11.47;63.67
2;11.47;62.77
2;11.47;62.44
1;11.47;62.13
6;11.47;61.63
1;11.47;61.4
1;11.47;61.4
2;11.47;61.36
3;11.47;61.14
2;11.47;60.85
3;11.47;60.35
2;11.47;59.3
5;11.47;58.97
2;11.47;57.52
2;11.47;57.52
2;11.47;57.08
2;11.47;57.08
2;11.47;56.5
2;11.47;56.5
2;11.47;55.47
2;11.47;55.47
1;11.47;55.37
3;11.47;54.29
3;11.47;52.89
2;11.46;67.77
1;11.46;53.93
2;11.43;69.83
2;11.43;67.75
2;11.43;67.65
3;11.43;67.46
2;11.43;66.98
1;11.43;66.29
5;11.43;66.29
1;11.43;66.24
2;11.43;65.42
1;11.43;65.03
8;11.43;64.37
1;11.43;63.8
2;11.43;62.98
1;11.43;61.98
2;11.43;61.23
1;11.43;60.96
1;11.43;60.92
2;11.43;60.73
1;11.43;60.57
1;11.43;60.57
1;11.43;60.16
2;11.43;60.07
2;11.43;59.19
1;11.43;59.03
2;11.43;58.97
1;11.43;58.7
2;11.43;58.25
2;11.43;58.25
3;11.43;58.16
1;11.43;57.98
1;11.43;57.62
2;11.43;52.87
1;11.4;66.22
1;11.4;66.22
2;11.4;65.61
1;11.4;63.9
1;11.4;63.58
3;11.4;62.48
1;11.4;62.08
1;11.4;62.08
2;11.4;61.86
2;11.4;61.77
1;11.4;61.74
4;11.4;61.55
1;11.4;61.38
1;11.4;61.09
1;11.4;61.09
2;11.4;60.74
1;11.4;60.66
4;11.4;60.24
1;11.4;60.23
2;11.4;59.78
6;11.4;59.74
2;11.4;59.04
1;11.4;57.42
1;11.4;56.18
1;11.4;56.18
3;11.4;55.79
5;11.4;53.86
1;11.4;53.36
2;11.39;57.65
1;11.37;68.16
2;11.37;66.64
3;11.37;66.41
1;11.37;65.69
4;11.37;65.63
1;11.37;65.33
1;11.37;64.41
2;11.37;64.38
4;11.37;64.1
1;11.37;63.94
7;11.37;63.52
2;11.37;63.49
4;11.37;63.06
1;11.37;62.63
1;11.37;62.57
2;11.37;62.08
3;11.37;61.93
2;11.37;61.85
1;11.37;61.73
1;11.37;61.73
2;11.37;61.57
2;11.37;61.47
3;11.37;60.59
1;11.37;60.58
4;11.37;60.44
1;11.37;60.31
1;11.37;60.02
3;11.37;59.54
2;11.37;59.36
1;11.37;58.62
1;11.37;57.19
1;11.37;57.01
1;11.37;56.27
1;11.37;56.27
2;11.37;53.89
1;11.37;53.89
3;11.37;52.59
1;11.37;51.15
2;11.33;69.57
2;11.33;69.57
2;11.33;69.57
2;11.33;69.57
2;11.33;69.57
1;11.33;69.45
8;11.33;68.67
8;11.33;68.67
4;11.33;68.53
1;11.33;67.23
1;11.33;66.83
2;11.33;64.35
2;11.33;64.29
1;11.33;63.83
5;11.33;63.77
1;11.33;63.44
2;11.33;63.19
1;11.33;62.91
2;11.33;62.83
2;11.33;62.47
1;11.33;62.28
2;11.33;62.16
3;11.33;62.06
3;11.33;61.76
1;11.33;61.44
1;11.33;61.29
6;11.33;61.22
2;11.33;61.04
2;11.33;60.78
1;11.33;60.37
2;11.33;60.35
2;11.33;60.35
5;11.33;60.28
1;11.33;59.79
1;11.33;59.79
2;11.33;59.09
2;11.33;58.81
1;11.33;58.43
2;11.33;57.3
2;11.33;57.03
1;11.3;69.53
1;11.3;69.53
1;11.3;67.64
1;11.3;67.64
1;11.3;67.35
2;11.3;65.89
3;11.3;65.71
2;11.3;64.92
2;11.3;64.92
2;11.3;64.28
8;11.3;64.08
1;11.3;63.51
1;11.3;62.87
3;11.3;61.43
3;11.3;60.19
1;11.3;58.64
1;11.3;58.58
1;11.3;57.99
3;11.3;57.53
1;11.3;56.3
2;11.3;54.95
3;11.27;69.87
3;11.27;68.53
2;11.27;67.98
1;11.27;67.39
1;11.27;67.39
2;11.27;66.95
2;11.27;66.6
5;11.27;66.06
2;11.27;65.57
3;11.27;65.39
2;11.27;65.21
2;11.27;65.21
2;11.27;65.15
2;11.27;64.86
1;11.27;64.51
1;11.27;64.28
1;11.27;64.14
2;11.27;63.82
1;11.27;63.57
5;11.27;63.56
5;11.27;63.45
2;11.27;62.49
2;11.27;62.49
1;11.27;62.45
1;11.27;61.26
5;11.27;60.39
2;11.27;59.74
1;11.27;59.5
2;11.27;59.38
1;11.27;59.09
2;11.27;58.59
5;11.27;56.9
2;11.27;55.88
1;11.27;55.34
1;11.27;53.89
2;11.27;53.67
2;11.27;53.32
2;11.25;64.98
1;11.25;55.81
2;11.23;68.78
2;11.23;68.78
2;11.23;67.69
1;11.23;66.82
3;11.23;65.58
2;11.23;65.46
1;11.23;65.29
2;11.23;64.8
1;11.23;64.65
2;11.23;64.44
1;11.23;64.17
4;11.23;63.75
1;11.23;63.68
2;11.23;63.41
2;11.23;61.66
1;11.23;61.58
1;11.23;61.18
4;11.23;61.17
1;11.23;61.16
2;11.23;60.42
8;11.23;59.97
4;11.23;58.97
1;11.23;58.51
1;11.23;57.19
4;11.23;56.97
1;11.23;54.93
1;11.23;53.35
1;11.2;69.7
1;11.2;67.85
2;11.2;67.75
1;11.2;66.97
1;11.2;65.73
1;11.2;65.5
1;11.2;65.2
1;11.2;64.85
1;11.2;64.8
2;11.2;64.51
1;11.2;64.28
2;11.2;64.19
2;11.2;64.19
3;11.2;63.68
9;11.2;63.67
1;11.2;63.4
1;11.2;63.31
5;11.2;62.65
1;11.2;62.61
1;11.2;61.71
1;11.2;61.43
1;11.2;61.36
1;11.2;61.32
2;11.2;60.84
1;11.2;60.65
2;11.2;59.88
7;11.2;59.8
1;11.2;59.61
1;11.2;59.61
3;11.2;59.53
3;11.2;59.53
1;11.2;59.27
2;11.2;59.09
2;11.2;58.39
4;11.2;58.04
4;11.2;58.04
2;11.2;57.72
4;11.2;56.45
2;11.2;54.44
5;11.2;54.26
2;11.2;52.84
2;11.2;52.26
1;11.2;50.59
1;11.19;50.46
2;11.17;67.69
2;11.17;67.69
2;11.17;65.95
1;11.17;65.76
1;11.17;65.76
2;11.17;65.73
2;11.17;65.73
3;11.17;65.3
3;11.17;65.3
1;11.17;64.71
1;11.17;64.7
3;11.17;64.32
2;11.17;63.17
3;11.17;63.04
5;11.17;62.96
5;11.17;62.96
1;11.17;62.85
5;11.17;62.33
5;11.17;62.33
4;11.17;61.24
1;11.17;61.16
1;11.17;60.94
2;11.17;60.81
1;11.17;60.58
2;11.17;60.24
1;11.17;59.96
1;11.17;59.83
1;11.17;59.76
3;11.17;59.4
2;11.17;59.31
2;11.17;58.87
1;11.17;58.65
2;11.17;58.64
2;11.17;55.86
1;11.15;58.13
3;11.13;69.3
1;11.13;69.04
2;11.13;68.99
2;11.13;68.58
1;11.13;66.17
2;11.13;65.74
2;11.13;65.61
1;11.13;64.71
3;11.13;64.47
10;11.13;64.04
2;11.13;63.62
1;11.13;63.55
1;11.13;63.49
3;11.13;63.48
3;11.13;63.08
2;11.13;62.9
1;11.13;62.16
2;11.13;62.08
1;11.13;61.57
1;11.13;60.96
1;11.13;60.96
2;11.13;60.33
1;11.13;60.24
4;11.13;59.72
2;11.13;57.59
3;11.13;57.2
2;11.13;57.09
2;11.13;56.95
1;11.13;56.21
1;11.13;54.82
2;11.1;68.8
3;11.1;68.6
1;11.1;67.13
1;11.1;66.9
2;11.1;66.27
2;11.1;66.27
2;11.1;66
2;11.1;66
2;11.1;64.92
1;11.1;64.72
6;11.1;63.85
1;11.1;63.81
1;11.1;63.68
3;11.1;63.01
5;11.1;62.7
8;11.1;62.67
8;11.1;62.67
8;11.1;62.67
4;11.1;62.54
1;11.1;61.74
1;11.1;61.65
1;11.1;61.65
2;11.1;61.4
1;11.1;60.67
1;11.1;60.37
2;11.1;59.6
3;11.1;58.61
1;11.1;57.46
1;11.1;57.23
2;11.1;57
2;11.1;57
2;11.1;55.09
2;11.1;53.89
2;11.1;53.69
2;11.1;53.69
2;11.1;53.69
1;11.08;50.43
1;11.07;69.2
3;11.07;66.08
1;11.07;65.79
6;11.07;65.53
2;11.07;65.31
1;11.07;64.64
1;11.07;64.49
2;11.07;63.45
1;11.07;62.24
2;11.07;61.82
1;11.07;60.65
2;11.07;60.42
2;11.07;59.18
2;11.07;58.62
1;11.07;58.48
1;11.07;58.44
1;11.07;58.44
2;11.07;57.22
3;11.07;56.46
2;11.07;56.46
2;11.07;56.4
1;11.04;52.53
1;11.03;68.96
1;11.03;68.96
2;11.03;67.73
1;11.03;67.53
2;11.03;66.2
1;11.03;66.15
2;11.03;65.31
3;11.03;64.97
1;11.03;64.8
2;11.03;64.68
1;11.03;64.61
2;11.03;64.31
2;11.03;64.21
2;11.03;63.18
1;11.03;62.97
1;11.03;62.88
1;11.03;62.88
7;11.03;62.79
1;11.03;62.66
1;11.03;62.04
1;11.03;61.2
4;11.03;60.92
1;11.03;60.72
1;11.03;60.17
3;11.03;60.08
2;11.03;60.08
2;11.03;59.96
1;11.03;59.57
6;11.03;59.26
1;11.03;58.47
2;11.03;57.09
1;11.03;56.98
7;11.03;56.71
1;11.03;55.95
2;11.03;55.66
2;11.03;54.17
2;11.03;54.17
1;11.01;54.35
9;11;68.16
1;11;67.34
1;11;67.34
2;11;66.88
1;11;66.1
2;11;65.93
2;11;65.86
2;11;65.77
2;11;65.69
2;11;65.69
1;11;64.82
2;11;64.8
1;11;64.57
2;11;64.51
1;11;64.5
1;11;63.57
2;11;63.53
1;11;63.33
1;11;62.56
1;11;62.46
1;11;62.44
1;11;62.24
1;11;62.24
1;11;62.24
1;11;62.16
2;11;62.02
2;11;62.02
2;11;62.02
1;11;61.46
1;11;61.18
2;11;61.17
1;11;60.62
1;11;60.06
1;11;59.6
1;11;59.21
1;11;58.97
4;11;58.47
4;11;58.47
1;11;58.09
1;11;57.77
1;11;57.77
2;11;56.68
2;11;56.68
6;11;56.35
2;11;55.6
2;11;55.6
3;11;54.39
1;10.97;68.6
2;10.97;66.77
1;10.97;66.46
2;10.97;65.72
2;10.97;65.72
2;10.97;65.36
3;10.97;65.19
1;10.97;64.53
2;10.97;64.18
2;10.97;64.14
1;10.97;64.09
1;10.97;64.07
1;10.97;64.07
2;10.97;63.17
2;10.97;63.17
2;10.97;63.15
1;10.97;63.14
1;10.97;61.54
2;10.97;61.39
1;10.97;61.39
1;10.97;61.39
2;10.97;60.24
2;10.97;60.23
2;10.97;60.23
2;10.97;60.17
2;10.97;59.81
2;10.97;59.81
1;10.97;59.57
1;10.97;59.57
1;10.97;58.6
1;10.97;58.4
2;10.97;58.24
2;10.97;58.24
2;10.97;58.09
2;10.97;56.56
2;10.97;54.33
4;10.95;60.78
2;10.93;69.96
7;10.93;67.69
2;10.93;66.88
2;10.93;66.06
1;10.93;65.12
2;10.93;64.48
3;10.93;64.07
5;10.93;63.82
6;10.93;63.73
1;10.93;63.65
1;10.93;63.45
2;10.93;60.62
4;10.93;59.79
1;10.93;59.7
2;10.93;59.64
1;10.93;59.36
1;10.93;59.36
1;10.93;58.57
2;10.93;58.51
2;10.93;57.96
2;10.93;57.77
5;10.93;52.59
1;10.9;67.87
2;10.9;66.31
1;10.9;65.91
1;10.9;64.8
1;10.9;63.93
3;10.9;63.73
4;10.9;63.72
7;10.9;63.66
1;10.9;63.23
1;10.9;62.67
1;10.9;62.67
1;10.9;62.67
2;10.9;62.62
6;10.9;61.55
3;10.9;61.46
1;10.9;60.67
1;10.9;60.56
1;10.9;59.83
1;10.9;58.71
6;10.9;58.61
2;10.9;58.33
2;10.9;57.62
2;10.9;52.04
1;10.89;56.22
1;10.89;54.37
1;10.87;67.8
1;10.87;67.48
1;10.87;66.9
2;10.87;66.7
4;10.87;66.16
6;10.87;66.13
1;10.87;65.42
1;10.87;65.24
1;10.87;64.53
1;10.87;63.93
8;10.87;63.79
3;10.87;63.3
1;10.87;62.7
1;10.87;62.28
1;10.87;61.85
3;10.87;61.19
7;10.87;59.61
2;10.87;59.11
2;10.87;58.5
4;10.87;57.5
6;10.87;55.91
1;10.87;55.85
1;10.87;55.85
2;10.87;55.59
1;10.87;55.08
1;10.87;55.08
1;10.87;53.82
8;10.87;52.49
1;10.87;50.69
1;10.86;53.21
2;10.83;68.88
4;10.83;68.41
3;10.83;67.43
1;10.83;66.93
1;10.83;65.83
1;10.83;65.55
1;10.83;65.5
1;10.83;63.94
1;10.83;63.81
1;10.83;62.65
2;10.83;62.16
2;10.83;61.98
1;10.83;61.62
3;10.83;61.41
1;10.83;61.14
2;10.83;61.02
2;10.83;61.01
1;10.83;60.76
1;10.83;60.72
1;10.83;60.66
1;10.83;60.27
1;10.83;60.05
1;10.83;60.02
1;10.83;58.21
1;10.83;57.7
2;10.83;57.35
2;10.83;55.74
2;10.83;55.74
2;10.83;55.74
3;10.83;54.44
2;10.83;52.59
1;10.8;68.94
1;10.8;67.65
1;10.8;67.31
1;10.8;66.74
2;10.8;66.59
5;10.8;66.25
3;10.8;65.69
2;10.8;65.66
2;10.8;64.98
2;10.8;64.72
1;10.8;64.03
2;10.8;64.03
6;10.8;63.58
2;10.8;63.56
2;10.8;62.85
1;10.8;62.22
1;10.8;62.05
3;10.8;61.42
4;10.8;59.55
1;10.8;59.44
1;10.8;59.29
1;10.8;59.29
6;10.8;58.09
2;10.8;57.93
3;10.8;57.53
2;10.8;57.51
1;10.8;56.75
4;10.8;53.32
2;10.8;53.13
9;10.8;52.71
5;10.77;69.28
2;10.77;67.75
2;10.77;67.75
1;10.77;67.43
1;10.77;67.43
2;10.77;67.26
2;10.77;67.08
2;10.77;66.73
2;10.77;65.46
2;10.77;64.96
2;10.77;64.96
2;10.77;64.61
1;10.77;64.17
1;10.77;64.17
2;10.77;64.13
2;10.77;63.71
3;10.77;63.7
2;10.77;63.38
2;10.77;63.35
1;10.77;62.63
1;10.77;62.36
1;10.77;62.23
6;10.77;61.94
3;10.77;61.62
1;10.77;60.24
1;10.77;59.8
2;10.77;58.69
1;10.77;58.14
1;10.77;58.14
1;10.77;58.02
2;10.77;54.9
3;10.77;54.13
1;10.77;53.57
2;10.75;52.43
1;10.73;69.76
4;10.73;69.4
4;10.73;69.11
2;10.73;66.97
1;10.73;65.23
1;10.73;65.17
1;10.73;64.73
3;10.73;63.15
2;10.73;62
2;10.73;62
1;10.73;61.55
2;10.73;61.51
1;10.73;61.36
1;10.73;61.36
1;10.73;61.25
1;10.73;61.19
4;10.73;60.99
1;10.73;60.64
3;10.73;59.58
5;10.73;59.34
1;10.73;55.86
1;10.73;55.3
6;10.73;54.25
2;10.73;52.71
2;10.73;52.71
4;10.73;51.34
4;10.7;69.14
1;10.7;67.23
2;10.7;66.44
2;10.7;66.44
2;10.7;66.07
1;10.7;65.78
1;10.7;65.78
2;10.7;64.68
2;10.7;64.68
1;10.7;64.51
1;10.7;64.29
1;10.7;64.08
2;10.7;63.89
2;10.7;63.45
2;10.7;62.98
1;10.7;62.73
2;10.7;62.31
2;10.7;61.95
1;10.7;61.51
2;10.7;60.62
5;10.7;60.36
1;10.7;60.18
2;10.7;60.11
2;10.7;60.03
2;10.7;59.73
4;10.7;59.65
3;10.7;59.49
1;10.7;59.49
3;10.7;59.35
4;10.7;58.24
2;10.7;58.12
1;10.7;57.91
8;10.7;57.57
1;10.7;57.01
4;10.67;68.94
2;10.67;68.74
3;10.67;67.22
2;10.67;66.46
1;10.67;64.99
1;10.67;64.93
6;10.67;63.72
1;10.67;63.63
1;10.67;63.63
6;10.67;63.39
4;10.67;63.29
4;10.67;63.29
6;10.67;62.91
3;10.67;62.61
1;10.67;61.85
1;10.67;61.69
1;10.67;61.36
1;10.67;60.9
1;10.67;60.7
5;10.67;60.05
2;10.67;59.72
2;10.67;59.68
1;10.67;59.64
3;10.67;59.35
4;10.67;58.47
2;10.67;57.94
1;10.67;57.49
1;10.67;57.31
7;10.67;56.47
2;10.67;53.82
5;10.67;51.45
2;10.64;50.52
1;10.63;68.73
1;10.63;67.75
2;10.63;66.78
2;10.63;66.78
2;10.63;66.78
2;10.63;66.37
10;10.63;65.35
1;10.63;64.98
2;10.63;63.65
1;10.63;63.47
1;10.63;62.33
2;10.63;61.57
2;10.63;60.86
5;10.63;60.74
3;10.63;59.99
2;10.63;58.67
4;10.63;58.64
1;10.63;57.71
1;10.61;50.54
1;10.6;67.7
5;10.6;67.28
3;10.6;66.66
1;10.6;65.82
2;10.6;65.5
1;10.6;64.82
2;10.6;63.82
2;10.6;63.82
1;10.6;63.09
5;10.6;62.16
8;10.6;62.1
1;10.6;61.84
2;10.6;60.97
2;10.6;60.6
2;10.6;60.6
3;10.6;60.51
2;10.6;60.33
1;10.6;59.8
1;10.6;59.54
2;10.6;59.27
3;10.6;59.18
2;10.6;58.79
2;10.6;58.67
2;10.6;57.86
4;10.6;57.62
5;10.6;55.04
1;10.57;68.34
3;10.57;68.31
1;10.57;67.84
4;10.57;67.58
2;10.57;67.51
2;10.57;67.4
2;10.57;66.73
2;10.57;66.73
2;10.57;66.73
2;10.57;66.73
1;10.57;66.64
1;10.57;66.58
2;10.57;66.32
2;10.57;66.32
2;10.57;66.32
2;10.57;66.19
3;10.57;65.78
2;10.57;65.25
5;10.57;64.92
1;10.57;63.33
1;10.57;63.31
1;10.57;63.19
1;10.57;63.02
1;10.57;60.24
1;10.57;60.07
1;10.57;59.33
4;10.57;58.01
1;10.57;55.47
5;10.57;55.19
1;10.57;55.14
1;10.53;69.93
1;10.53;68.99
4;10.53;66.83
1;10.53;66.26
2;10.53;65.8
7;10.53;65.74
2;10.53;65.65
5;10.53;65.47
2;10.53;64.27
1;10.53;64.16
3;10.53;64.09
1;10.53;63.95
5;10.53;63.67
1;10.53;63.17
1;10.53;62.8
1;10.53;60.91
1;10.53;60.91
2;10.53;60.33
1;10.53;60.15
1;10.53;60.14
4;10.53;59.75
1;10.53;59.46
1;10.53;58.89
2;10.53;58.09
6;10.53;56.88
1;10.53;53.66
1;10.53;52.94
1;10.53;52.94
10;10.53;52.33
10;10.53;52.33
4;10.53;51.35
1;10.5;68.81
1;10.5;68.51
1;10.5;66.83
3;10.5;65.33
1;10.5;64.24
1;10.5;64.18
1;10.5;63.4
2;10.5;62.43
2;10.5;62.43
4;10.5;62.33
4;10.5;62.16
2;10.5;61.69
2;10.5;61.69
2;10.5;61.69
2;10.5;61.69
1;10.5;60.54
1;10.5;60.23
1;10.5;59.84
1;10.5;59.32
3;10.5;59.11
2;10.5;58.93
2;10.5;58.93
1;10.5;57.67
1;10.5;56.79
1;10.5;55.2
1;10.5;54.85
1;10.47;69.41
3;10.47;69.22
1;10.47;68.51
3;10.47;66.94
1;10.47;66.7
2;10.47;65.81
2;10.47;65.81
1;10.47;65.73
1;10.47;65.73
1;10.47;65.14
1;10.47;64.26
2;10.47;64.18
1;10.47;63.97
1;10.47;63.38
4;10.47;62.67
1;10.47;62.6
2;10.47;62.56
2;10.47;62.56
2;10.47;62.53
1;10.47;62.22
2;10.47;61.84
1;10.47;61.58
1;10.47;61.58
1;10.47;61.11
1;10.47;61.08
3;10.47;61.05
2;10.47;60.62
4;10.47;58.7
1;10.47;58.24
1;10.47;58.17
1;10.47;57.86
1;10.47;56
1;10.47;51.42
2;10.43;67.23
6;10.43;67.14
3;10.43;67.1
2;10.43;64.26
2;10.43;64.26
5;10.43;63.18
1;10.43;62.74
1;10.43;62.15
1;10.43;61.53
1;10.43;61.16
2;10.43;60.86
1;10.43;58.44
2;10.43;57.9
1;10.43;55.07
1;10.41;51.59
1;10.4;69.37
1;10.4;68.1
2;10.4;64.95
1;10.4;64.8
1;10.4;64.8
1;10.4;64.8
2;10.4;64.7
2;10.4;64.37
3;10.4;63.81
3;10.4;63.81
3;10.4;63.81
2;10.4;62.16
3;10.4;61.88
2;10.4;61.39
1;10.4;60.13
2;10.4;59.92
2;10.4;59.22
4;10.4;59.12
1;10.4;58.24
2;10.4;56.9
3;10.4;55.62
2;10.4;51.85
1;10.37;68.31
4;10.37;65.92
1;10.37;65.64
1;10.37;65.12
4;10.37;65.07
4;10.37;65.07
2;10.37;64.37
2;10.37;64.13
1;10.37;63.39
2;10.37;61.98
1;10.37;61.44
2;10.37;61.18
2;10.37;61.18
2;10.37;59.33
1;10.37;58.83
1;10.37;57.91
1;10.37;57.91
3;10.37;57.86
1;10.37;54.67
1;10.37;54.67
7;10.37;53.01
2;10.37;52.6
2;10.33;69.43
2;10.33;69.43
4;10.33;66.52
1;10.33;65.65
1;10.33;65.65
7;10.33;65.03
2;10.33;63.6
1;10.33;62.16
3;10.33;62.02
8;10.33;61.18
5;10.33;60.88
1;10.33;59.43
1;10.33;59.33
1;10.33;58.44
1;10.33;57.99
1;10.33;56.95
1;10.33;55.47
1;10.33;54.6
1;10.33;53.74
2;10.33;51.34
2;10.3;68.65
2;10.3;67.65
1;10.3;67.02
1;10.3;65.73
1;10.3;65.46
1;10.3;65.42
2;10.3;65.3
2;10.3;64.11
1;10.3;63.75
1;10.3;63.4
1;10.3;63.4
3;10.3;62.18
1;10.3;61.99
1;10.3;60.7
2;10.3;60.6
2;10.3;60.02
2;10.3;59.89
2;10.3;59.89
2;10.3;59.57
5;10.3;58.64
2;10.3;58.59
2;10.3;57.03
2;10.3;57.03
2;10.3;57.03
2;10.3;53.94
2;10.3;53.62
2;10.3;53.32
1;10.3;51.4
2;10.27;67.99
2;10.27;67.87
1;10.27;67.66
2;10.27;67.4
1;10.27;67.32
1;10.27;66.71
3;10.27;66.6
1;10.27;65.92
1;10.27;65.57
6;10.27;63.76
1;10.27;63.51
1;10.27;63.51
1;10.27;63.51
1;10.27;63.38
2;10.27;63.15
2;10.27;63.15
2;10.27;63.06
4;10.27;62.87
1;10.27;62.82
1;10.27;61.49
1;10.27;61.49
1;10.27;61.46
1;10.27;61.37
1;10.27;61.37
1;10.27;61.28
3;10.27;60.78
1;10.27;60.72
1;10.27;60.62
2;10.27;60.24
1;10.27;60.07
2;10.27;59.93
2;10.27;59.93
4;10.27;59.89
2;10.27;59.42
1;10.27;57.89
2;10.27;56.51
2;10.27;56.51
2;10.27;56.35
2;10.27;56.35
1;10.26;55.41
2;10.23;69.44
2;10.23;67.08
5;10.23;66.2
1;10.23;64.89
1;10.23;64.89
1;10.23;64.56
2;10.23;64
4;10.23;63.76
2;10.23;63.75
2;10.23;63.65
2;10.23;62.67
3;10.23;62.08
3;10.23;61.26
4;10.23;60.86
1;10.23;60.84
3;10.23;57.72
2;10.23;56.9
2;10.23;54.7
1;10.22;51.31
1;10.2;66.07
2;10.2;65.87
2;10.2;65.87
2;10.2;65.87
2;10.2;65.76
1;10.2;65.14
1;10.2;64.07
3;10.2;62.59
2;10.2;61.68
1;10.2;61.44
5;10.2;61.38
1;10.2;60.97
1;10.2;60.9
3;10.2;60.86
1;10.2;60.53
1;10.2;60.53
1;10.2;60.12
2;10.2;60
1;10.2;59.93
1;10.2;58.5
1;10.2;57.82
1;10.2;56.58
1;10.2;56.58
1;10.2;54.82
4;10.2;54.13
2;10.2;51.88
1;10.17;69.11
6;10.17;68.26
6;10.17;68.26
1;10.17;67.79
1;10.17;65.42
2;10.17;64.86
5;10.17;64.57
5;10.17;63.92
2;10.17;63.73
1;10.17;63.72
2;10.17;62.94
2;10.17;62.91
2;10.17;62.91
2;10.17;62.91
2;10.17;62.91
4;10.17;61.64
3;10.17;61.62
1;10.17;61.22
1;10.17;60.92
3;10.17;59.01
1;10.17;58.46
2;10.17;58.36
2;10.17;58.15
4;10.17;57.32
1;10.17;55.83
8;10.15;69.46
1;10.13;68.29
2;10.13;67.3
5;10.13;66.36
2;10.13;65.85
1;10.13;65.74
4;10.13;64.04
1;10.13;63.74
4;10.13;63.51
1;10.13;63.4
2;10.13;62.25
1;10.13;62.08
2;10.13;61.5
2;10.13;61.5
1;10.13;61.05
1;10.13;61.05
1;10.13;60.62
1;10.13;60.42
1;10.13;59.89
2;10.13;58.8
6;10.13;58.71
1;10.13;57.25
1;10.13;57.25
1;10.13;57.09
1;10.13;56.94
4;10.13;54.79
1;10.13;53.28
1;10.1;69.97
2;10.1;67.86
4;10.1;67.48
1;10.1;65.88
2;10.1;63.09
2;10.1;63.09
3;10.1;62.04
1;10.1;61.97
3;10.1;60.63
2;10.1;60.46
3;10.1;60.04
2;10.1;59.97
1;10.1;59.62
1;10.1;59.62
5;10.1;59.42
1;10.1;58.27
4;10.1;57.52
3;10.1;55.7
2;10.1;55.66
3;10.1;55.14
3;10.1;55.14
5;10.1;53.75
5;10.1;52.59
1;10.07;68.07
2;10.07;67.35
1;10.07;66.29
1;10.07;65.17
1;10.07;65.17
1;10.07;64.71
1;10.07;64.39
1;10.07;63.9
2;10.07;63.75
1;10.07;63.73
1;10.07;63.57
2;10.07;63.36
1;10.07;62.09
2;10.07;60.23
1;10.07;59.98
2;10.07;59.88
2;10.07;59.84
2;10.07;59.74
1;10.07;59.09
2;10.07;59.03
1;10.07;57.99
1;10.07;57.7
2;10.07;57.44
2;10.07;52.59
2;10.03;67.23
2;10.03;65.78
1;10.03;65.75
1;10.03;65.75
2;10.03;64.92
2;10.03;64.92
2;10.03;64.89
4;10.03;64.86
1;10.03;64.36
1;10.03;63.4
1;10.03;63.4
2;10.03;63.39
2;10.03;63.39
1;10.03;63.08
1;10.03;63.08
4;10.03;61.44
2;10.03;60.26
2;10.03;60.26
2;10.03;60.21
1;10.03;60.15
3;10.03;59.87
1;10.03;58.65
1;10.03;58.65
2;10.03;57.7
1;10.03;55.82
1;10.03;55.82
1;10.03;55.82
2;10.03;51.92
6;10;67.65
2;10;67.23
1;10;66.81
1;10;66.81
2;10;66.49
2;10;66.49
2;10;66.49
2;10;64.73
2;10;64.73
5;10;63.92
5;10;63.92
5;10;63.92
1;10;63.44
2;10;60.76
1;10;60.34
5;10;60.29
2;10;58.56
1;10;56.94
2;10;56.65
2;10;56.2
5;10;54.29
5;10;54.29
1;10;50.94
1;9.97;69.14
5;9.97;67
1;9.97;66.76
4;9.97;66.64
2;9.97;65.64
1;9.97;65.33
2;9.97;64.05
3;9.97;63.83
3;9.97;63.83
7;9.97;63.75
7;9.97;63.75
2;9.97;63.57
2;9.97;62.84
2;9.97;62.66
1;9.97;62.05
1;9.97;62.03
1;9.97;60.92
1;9.97;60.62
1;9.97;59.1
2;9.97;59.09
2;9.97;59.03
2;9.97;57.75
6;9.97;54.91
6;9.97;54.79
6;9.93;69.97
6;9.93;69.97
1;9.93;69.72
1;9.93;69.28
2;9.93;68.78
2;9.93;68.78
2;9.93;68.78
1;9.93;67.71
3;9.93;66.54
1;9.93;66.19
1;9.93;64.89
1;9.93;64.41
1;9.93;63.66
2;9.93;63.53
2;9.93;63.23
1;9.93;63.22
4;9.93;61.8
6;9.93;61.73
2;9.93;61.71
1;9.93;61.65
2;9.93;60.81
1;9.93;59.12
1;9.93;58.48
2;9.93;57.23
8;9.93;55.99
3;9.9;67.45
1;9.9;65.14
1;9.9;63.73
1;9.9;63.73
1;9.9;63.31
2;9.9;62.94
1;9.9;62.83
1;9.9;62.5
2;9.9;60.55
3;9.9;60.23
1;9.9;60.22
1;9.9;59.32
4;9.9;58.93
1;9.9;58.32
1;9.9;57.45
1;9.9;57.45
1;9.9;57.3
3;9.9;51.99
1;9.87;69.52
2;9.87;68.59
2;9.87;68.59
2;9.87;68.59
2;9.87;67.23
2;9.87;66.83
1;9.87;66.54
1;9.87;64.8
6;9.87;64.57
1;9.87;62.9
1;9.87;62.54
1;9.87;62.54
3;9.87;62.28
3;9.87;62.16
5;9.87;60.22
3;9.87;60.21
1;9.87;60.17
1;9.87;58.99
1;9.87;58.5
6;9.87;58.47
2;9.87;58.17
1;9.87;58
1;9.87;58
4;9.87;56.5
4;9.87;55.01
1;9.87;54.9
2;9.87;52.39
2;9.83;68.45
1;9.83;68.08
2;9.83;67.86
1;9.83;65.83
2;9.83;64.25
3;9.83;64.19
2;9.83;63.32
4;9.83;62.82
1;9.83;60.56
1;9.83;60.56
1;9.83;60.04
4;9.83;59.97
1;9.83;59.89
3;9.83;59.61
2;9.83;57.16
1;9.83;55.3
1;9.83;52.92
10;9.83;51.58
4;9.8;67.16
2;9.8;66.87
1;9.8;66.51
1;9.8;66.37
1;9.8;66.02
6;9.8;65.65
6;9.8;65.65
1;9.8;65.31
4;9.8;65.3
2;9.8;64.8
3;9.8;63.72
2;9.8;63.13
4;9.8;63.11
2;9.8;62.64
2;9.8;62.64
1;9.8;62.22
1;9.8;60.91
1;9.8;60.66
2;9.8;59.84
4;9.8;58.45
5;9.8;58.07
2;9.8;56.05
2;9.8;56.05
10;9.8;55.13
2;9.8;54.29
8;9.8;51.86
1;9.77;69.01
1;9.77;67.75
1;9.77;64.52
1;9.77;64.52
1;9.77;63.75
6;9.77;63.56
6;9.77;63.56
1;9.77;63.27
1;9.77;63.21
1;9.77;60.75
1;9.77;60.75
9;9.77;60.24
1;9.77;59.92
3;9.77;59.26
1;9.77;59.1
2;9.77;58.93
2;9.77;58.93
2;9.77;58.93
2;9.77;58.72
1;9.77;56.14
2;9.73;66.64
1;9.73;65.5
2;9.73;65.44
2;9.73;65.44
1;9.73;63.95
1;9.73;63.87
2;9.73;63.82
3;9.73;62.61
1;9.73;61.94
2;9.73;60.62
2;9.73;60.62
2;9.73;60.62
2;9.73;58.61
2;9.73;58.61
4;9.73;51.35
4;9.73;51.35
4;9.73;50.35
1;9.73;50.08
7;9.7;68.9
1;9.7;67.32
2;9.7;65.96
4;9.7;64.24
1;9.7;64.14
4;9.7;63.01
1;9.7;62.09
1;9.7;62.04
1;9.7;61.58
4;9.7;60.31
5;9.7;59.3
6;9.7;59.08
2;9.7;57.17
2;9.7;56
2;9.7;54.36
2;9.7;54.36
3;9.7;53.89
1;9.7;52.89
3;9.7;52.59
1;9.7;50.77
1;9.7;50.77
1;9.7;50.77
1;9.68;58.97
1;9.68;58.97
2;9.68;50.64
1;9.67;68.41
1;9.67;67.57
1;9.67;67.57
1;9.67;66.77
2;9.67;65.91
2;9.67;65.91
2;9.67;65.7
2;9.67;65.7
2;9.67;65.7
5;9.67;65.22
1;9.67;62.98
2;9.67;61.93
2;9.67;59.41
2;9.67;59.17
1;9.67;57.99
1;9.67;57.74
2;9.67;56.82
2;9.67;56.82
6;9.67;55.32
1;9.65;55.08
7;9.63;66.71
7;9.63;66.71
7;9.63;66.58
2;9.63;66.14
1;9.63;66.09
9;9.63;65.29
1;9.63;64.64
1;9.63;64.59
1;9.63;64.59
1;9.63;64.25
2;9.63;63.55
4;9.63;63.32
3;9.63;62.92
3;9.63;62.92
2;9.63;62.43
2;9.63;62.43
2;9.63;62.43
2;9.63;62.16
1;9.63;60.71
1;9.63;59.97
3;9.63;57.43
1;9.63;57.22
8;9.63;57.1
2;9.63;56.5
1;9.62;56.12
1;9.62;56.12
2;9.6;64.41
1;9.6;64.32
2;9.6;64.27
2;9.6;64.27
2;9.6;64.27
1;9.6;63.42
1;9.6;63.04
2;9.6;62.63
5;9.6;62.17
4;9.6;61.18
2;9.6;60.13
1;9.6;59.93
1;9.6;59.93
2;9.6;57.39
5;9.6;57
4;9.6;56.66
1;9.6;55.2
2;9.57;65.68
2;9.57;63.87
1;9.57;63.4
1;9.57;63
2;9.57;62.98
1;9.57;62.5
1;9.57;62.5
1;9.57;62.5
7;9.57;62.33
1;9.57;62.33
1;9.57;62.33
1;9.57;61.35
1;9.57;60.23
1;9.57;59.66
1;9.57;58.89
1;9.57;58.39
2;9.57;58.09
1;9.57;55.04
2;9.57;52.58
1;9.55;56.3
2;9.54;60.04
1;9.53;67.82
2;9.53;66.95
2;9.53;66.9
1;9.53;66.24
1;9.53;66.24
1;9.53;64.99
3;9.53;64.89
1;9.53;63.43
4;9.53;63.05
1;9.53;62.93
1;9.53;61.78
2;9.53;61.17
5;9.53;60.6
2;9.53;60.41
2;9.53;60.41
1;9.53;59.78
1;9.53;59.42
1;9.53;59.42
5;9.53;57.86
5;9.53;57.46
3;9.53;57.08
2;9.53;52.99
2;9.53;52.99
2;9.5;69.11
2;9.5;69.11
2;9.5;69.11
2;9.5;65.86
1;9.5;65.58
1;9.5;64.74
1;9.5;62.44
2;9.5;61.62
1;9.5;61.28
1;9.5;61.01
1;9.5;60.24
2;9.5;60
2;9.5;59.36
2;9.5;58.64
6;9.5;58.47
4;9.5;55.04
1;9.5;54.12
1;9.5;52.38
1;9.47;65.81
2;9.47;64.57
2;9.47;64.57
1;9.47;63.39
6;9.47;62.51
1;9.47;62.03
4;9.47;61.77
1;9.47;61.09
1;9.47;60.35
2;9.47;59.88
2;9.47;57.15
1;9.47;57.12
1;9.47;56.45
2;9.47;53.2
4;9.43;69.5
8;9.43;66.6
1;9.43;65.9
1;9.43;65.62
2;9.43;65.45
2;9.43;64.73
1;9.43;64.4
2;9.43;64.29
2;9.43;62.95
2;9.43;62.95
2;9.43;62.77
2;9.43;62.77
2;9.43;62.67
1;9.43;62.6
2;9.43;62.35
1;9.43;60.13
1;9.43;60.13
2;9.43;58.64
2;9.43;57.56
2;9.43;56.38
1;9.43;50.97
1;9.4;69.02
1;9.4;67.02
1;9.4;66.33
1;9.4;66.29
1;9.4;64.87
3;9.4;64.29
1;9.4;63.75
3;9.4;62.51
1;9.4;59.43
3;9.4;57.9
2;9.4;51.31
1;9.37;66.39
2;9.37;65.98
2;9.37;65.98
1;9.37;65.6
3;9.37;65.23
1;9.37;65.14
3;9.37;63.94
1;9.37;62.19
1;9.37;61.21
3;9.37;60.12
2;9.37;58.58
2;9.37;58.58
1;9.37;58.58
2;9.37;58.45
1;9.37;57.56
1;9.37;57.56
1;9.37;56.5
2;9.37;55.75
1;9.37;54.99
1;9.33;69.4
2;9.33;67.03
6;9.33;63.64
2;9.33;63.5
1;9.33;59.39
1;9.33;58.06
1;9.33;55.13
1;9.33;54.74
2;9.33;54.47
2;9.33;54.47
2;9.3;68.83
1;9.3;65.24
1;9.3;65.24
1;9.3;64.26
1;9.3;63.58
2;9.3;63.02
1;9.3;62.89
3;9.3;62.87
1;9.3;62.27
7;9.3;60.88
1;9.3;60.74
1;9.3;58.75
2;9.27;67.87
1;9.27;67.43
2;9.27;67.08
1;9.27;66.54
1;9.27;63.75
2;9.27;63.72
1;9.27;63.15
3;9.27;62.39
5;9.27;61.51
1;9.27;60.86
1;9.27;60.86
2;9.27;55.7
2;9.27;55.7
4;9.27;52.62
2;9.23;69.93
2;9.23;68.45
1;9.23;65.2
2;9.23;64.24
1;9.23;63.73
1;9.23;63.45
3;9.23;62.99
2;9.23;62.84
1;9.23;62.2
2;9.23;62.14
1;9.23;60.88
1;9.23;59.38
1;9.23;59.22
1;9.23;57.62
2;9.2;65.88
2;9.2;65.88
2;9.2;65.88
1;9.2;65.07
1;9.2;64.93
1;9.2;64.57
3;9.2;64.52
1;9.2;64.49
2;9.2;64.38
1;9.2;64.19
1;9.2;64.19
3;9.2;63.64
3;9.2;62.05
3;9.2;59.49
2;9.2;58.76
5;9.2;56.3
2;9.2;53.13
1;9.2;52.6
5;9.17;66.23
1;9.17;64.72
2;9.17;63.98
2;9.17;62.39
2;9.17;62.16
1;9.17;61.69
3;9.17;61.04
3;9.17;59.58
3;9.17;59.58
2;9.17;59.08
1;9.17;59.06
1;9.17;59.06
1;9.17;57.08
2;9.17;54.97
1;9.17;54.09
1;9.14;57.845
2;9.13;68.7
2;9.13;67.69
2;9.13;66.45
4;9.13;63.95
1;9.13;63.64
7;9.13;60.62
7;9.13;60.62
4;9.13;60.41
1;9.13;58.75
1;9.13;57.17
2;9.13;54.52
2;9.13;54.46
1;9.1;66.71
1;9.1;66.59
1;9.1;66.41
1;9.1;61.86
2;9.1;57.54
2;9.1;57.54
7;9.1;57.16
2;9.1;53.66
2;9.1;53.66
3;9.07;68.57
3;9.07;65.84
2;9.07;64.87
4;9.07;63.68
1;9.07;62.77
1;9.07;62.77
1;9.07;62.77
2;9.07;62.52
2;9.07;61.77
1;9.07;59.97
1;9.07;59.97
1;9.07;52.84
5;9.05;56.35
1;9.03;64.08
2;9.03;61.99
2;9.03;61.99
2;9.03;61.49
3;9.03;61.32
3;9.03;61.32
2;9.03;61.18
2;9.03;60.7
1;9.03;59.45
4;9.03;59.11
2;9.03;55.72
1;9.01;55.84
1;9;66.43
1;9;65.35
1;9;64.13
2;9;60.2
1;9;60.02
2;9;59.87
2;9;58.7
2;9;58.7
2;8.97;66.4
2;8.97;66.4
1;8.97;66.12
1;8.97;62.42
1;8.97;62.3
1;8.97;62.3
3;8.97;58.36
1;8.97;57.67
1;8.97;57.67
1;8.97;57.67
1;8.97;57.42
3;8.97;55.01
3;8.97;55.01
1;8.97;54.27
1;8.97;53.43
1;8.93;65.97
5;8.93;65.96
1;8.93;65.48
3;8.93;63.81
1;8.93;62.21
3;8.93;61.28
2;8.93;59.69
2;8.93;59.69
2;8.93;59.69
1;8.93;59.46
2;8.93;58.98
2;8.93;57.71
2;8.93;57.71
4;8.93;56.94
1;8.93;54.99
3;8.93;54.97
2;8.9;69.66
2;8.9;67.87
2;8.9;66.52
2;8.9;66.52
2;8.9;65.08
2;8.9;65.08
2;8.9;65.08
1;8.9;63.75
4;8.9;63.51
2;8.9;62.52
2;8.9;62.2
1;8.9;62.14
1;8.9;62.13
2;8.9;61.27
3;8.9;59.18
1;8.9;56.37
1;8.9;54.12
1;8.87;64.57
1;8.87;64.41
5;8.87;61.63
1;8.87;61.23
1;8.87;60.6
1;8.87;60.6
2;8.87;60.15
2;8.87;60.15
1;8.87;52.89
1;8.83;68.01
3;8.83;67.74
2;8.83;65.45
1;8.83;65.35
1;8.83;65.35
2;8.83;64.35
4;8.83;62.12
8;8.83;60.24
2;8.83;59.42
2;8.83;55.82
2;8.8;69.45
3;8.8;67.99
2;8.8;64.13
4;8.8;60.7
1;8.8;60.14
5;8.8;59.45
1;8.8;55.04
2;8.77;66.93
4;8.77;63.6
1;8.77;62.75
1;8.77;62.15
1;8.77;61.84
2;8.77;61.51
2;8.77;61.5
1;8.77;58.2
1;8.77;54.93
1;8.73;65.36
2;8.73;64.3
2;8.73;61.99
2;8.73;55.13
2;8.7;67
2;8.7;67
2;8.7;66.36
8;8.7;66.15
5;8.7;63.93
5;8.7;63.93
1;8.7;63.21
1;8.7;62.91
2;8.7;62.17
1;8.7;61.01
1;8.7;58.64
1;8.7;56.45
4;8.7;55.74
2;8.7;51.91
1;8.67;66.8
2;8.67;64
2;8.67;62.49
2;8.67;61.95
1;8.67;61.88
2;8.67;61.8
1;8.67;59.88
2;8.67;59.51
5;8.67;58.73
8;8.67;57.5
2;8.63;69.01
1;8.63;67.7
2;8.63;67.29
2;8.63;67.29
2;8.63;67.21
2;8.63;66.06
2;8.63;66.06
3;8.63;64.57
4;8.63;64.37
2;8.63;62.63
1;8.6;68.66
1;8.6;68.66
1;8.6;66.66
3;8.6;66.4
1;8.6;65.59
4;8.6;64.25
2;8.6;64.11
4;8.6;62.74
2;8.6;62.02
1;8.6;59.3
1;8.6;58.86
5;8.6;53.54
1;8.57;67.8
3;8.57;63.09
1;8.57;57.86
1;8.57;57.52
2;8.57;52.59
3;8.53;68.49
3;8.53;68.49
5;8.53;68.34
1;8.53;64.09
2;8.53;63.38
4;8.53;62.33
1;8.53;61.72
6;8.53;60.81
1;8.53;59.93
1;8.53;58.77
1;8.53;58.64
1;8.53;55.88
2;8.53;53.66
2;8.53;53.66
9;8.5;67.24
9;8.5;67.24
2;8.5;66.32
3;8.5;64.21
2;8.5;64.04
2;8.5;61.89
1;8.5;61.57
1;8.5;61.57
1;8.5;60.44
1;8.5;60.41
8;8.5;59.77
2;8.5;59.61
5;8.5;59.13
2;8.5;57.71
10;8.47;68.04
7;8.47;67.25
1;8.47;64.85
2;8.47;63.62
1;8.47;62.5
1;8.47;62.16
2;8.47;59.25
3;8.47;58.62
1;8.47;58.58
4;8.45;59.31
4;8.43;66.24
1;8.43;63.55
2;8.43;62.8
1;8.43;56.56
2;8.4;68.82
2;8.4;68.82
4;8.4;66.26
2;8.4;66.24
1;8.4;65.85
2;8.4;65.61
2;8.4;65.61
7;8.4;64.62
2;8.4;63.97
2;8.4;63.97
3;8.4;62.24
5;8.4;61.47
5;8.4;61.18
4;8.4;60.7
1;8.4;58.64
1;8.4;58.09
2;8.4;53.61
2;8.37;68.91
2;8.37;68.91
2;8.37;64.68
2;8.37;63.82
2;8.37;63.82
1;8.37;63.43
4;8.37;62.49
2;8.37;61.77
1;8.37;60.99
2;8.37;59.73
1;8.37;56.96
1;8.37;55.84
8;8.35;64.52
2;8.33;67.16
2;8.33;64.6
1;8.33;64.39
2;8.33;62.41
3;8.33;62.01
1;8.33;62
3;8.33;61.8
2;8.33;61.55
3;8.33;61.01
3;8.3;67.68
1;8.3;63.43
2;8.3;61.61
2;8.3;59.64
2;8.27;68.22
2;8.27;68.22
4;8.27;65.46
2;8.27;65.15
1;8.27;62.06
5;8.27;60.88
1;8.27;57.54
2;8.27;54.88
2;8.23;65.79
2;8.23;65.19
1;8.23;62.15
1;8.23;62.14
4;8.23;61.57
4;8.23;61.57
1;8.23;54.92
1;8.23;54.92
2;8.2;66.81
1;8.2;65.48
1;8.2;64.51
1;8.2;58.12
2;8.2;56.76
1;8.2;53.9
1;8.2;53.9
2;8.2;53.53
2;8.17;69.04
2;8.17;67.25
2;8.17;60.22
1;8.17;59.9
4;8.17;53.32
4;8.17;53.32
2;8.17;52.59
5;8.15;63.45
2;8.13;68.53
1;8.13;63.04
1;8.13;62.78
1;8.13;62.04
1;8.13;61.21
7;8.13;60.19
3;8.13;59.46
2;8.13;57.97
2;8.13;52.94
1;8.1;65.6
3;8.1;64.11
2;8.1;62.23
4;8.1;62.16
1;8.1;60.56
2;8.1;60.38
2;8.1;59.53
1;8.07;69.04
1;8.07;67.79
1;8.07;64.59
1;8.07;64.59
1;8.07;60.19
1;8.07;59.93
1;8.07;59.09
4;8.07;51.35
2;8.03;66.8
1;8.03;64.93
3;8.03;62.42
2;8.03;57.96
4;8.03;53.82
1;8;65.86
2;8;65.33
2;8;65.33
2;8;64.8
1;8;63.67
1;8;62.91
1;8;62.33
3;7.97;68.66
1;7.97;66.33
8;7.97;64.3
1;7.97;63.64
1;7.97;63.18
1;7.97;62.62
2;7.97;60.86
2;7.97;58.84
3;7.97;52.59
2;7.93;64.21
1;7.93;63.9
1;7.93;62.16
6;7.93;60.81
3;7.9;69.35
3;7.9;69.35
2;7.9;67.49
2;7.9;66.67
2;7.9;65.27
3;7.9;61.19
1;7.9;59.9
1;7.87;64.21
1;7.87;62.97
1;7.87;60.88
1;7.87;60.67
2;7.87;56.76
2;7.83;64.07
1;7.83;62.39
6;7.83;60.63
6;7.83;52.97
1;7.8;66.55
3;7.8;64.57
1;7.8;63.29
4;7.8;62.51
3;7.8;60.93
2;7.8;59.28
2;7.8;58.04
2;7.8;58.04
9;7.8;57.09
1;7.8;53.64
1;7.77;68.96
3;7.77;68.91
3;7.77;65.57
3;7.77;65.57
1;7.77;61.65
3;7.77;60.63
1;7.77;57.31
2;7.77;57.22
1;7.73;67.38
1;7.73;67.22
1;7.73;61.5
1;7.73;59.72
2;7.73;59.36
2;7.73;59.36
6;7.73;59.27
3;7.73;53.75
1;7.7;62.77
1;7.7;61.37
5;7.7;60.86
2;7.7;60.19
1;7.7;58.7
1;7.7;58.7
6;7.7;56.76
1;7.7;55.83
2;7.67;65.2
2;7.67;65.19
2;7.67;64.12
5;7.67;61.04
2;7.67;59.36
2;7.63;68.38
1;7.63;62.98
1;7.63;61.86
8;7.6;63.32
1;7.6;60.24
3;7.6;60.17
1;7.6;59.27
3;7.6;57.51
1;7.57;66.83
3;7.57;61.72
1;7.57;50.45
2;7.53;66.48
2;7.53;66.48
1;7.53;63.38
6;7.5;60.63
2;7.5;54.81
2;7.47;64.11
1;7.47;63.53
3;7.47;61.08
4;7.47;61.02
2;7.45;66.51
2;7.43;63.13
4;7.43;62.77
5;7.43;60.15
4;7.43;58.1
5;7.43;57.96
1;7.4;65.35
2;7.4;60.87
4;7.4;59.61
2;7.4;55.04
2;7.4;55.04
3;7.37;62.21
2;7.37;61.43
2;7.37;61.43
1;7.37;59.62
2;7.33;66.8
3;7.33;64.55
4;7.33;62.55
5;7.33;61.04
2;7.33;60.67
2;7.33;60.67
2;7.33;58.72
2;7.33;56.41
7;7.3;66.45
2;7.3;64.3
2;7.3;63.48
7;7.3;62.42
7;7.3;62.42
7;7.3;62.42
3;7.3;62.33
2;7.3;60.34
1;7.3;59.06
1;7.3;53.67
1;7.27;67.8
2;7.27;63.93
1;7.27;61.6
1;7.27;60.52
1;7.24;51.36
1;7.23;61.88
1;7.23;57.51
1;7.23;57.51
2;7.23;53.74
2;7.23;53.74
2;7.2;67.38
2;7.2;65.71
2;7.2;64.3
7;7.2;63.99
4;7.2;63.67
4;7.2;63.67
4;7.2;63.67
8;7.2;63.1
2;7.17;69.35
3;7.17;62.04
1;7.17;58.82
2;7.13;65.61
2;7.13;65.61
2;7.13;65.61
1;7.13;62.42
2;7.13;60.13
2;7.13;60.13
1;7.13;56.35
2;7.1;68.88
1;7.1;66.81
1;7.1;56.29
3;7.07;65.81
3;7.07;64.07
2;7.07;62.99
4;7.07;60
1;7.03;62.03
1;7;67.35
1;7;66.8
2;7;55.75
4;7;52.97
2;6.97;68.38
1;6.97;67.01
1;6.97;67.01
1;6.97;58.38
3;6.93;65.6
2;6.93;54.62
1;6.9;66.83
2;6.9;65.8
3;6.9;63.14
7;6.9;56.69
1;6.9;56.57
1;6.9;56.57
1;6.87;65.88
1;6.87;65.46
1;6.87;64.12
1;6.87;64.12
1;6.87;61.77
1;6.87;61.6
2;6.87;50.91
2;6.83;67.58
2;6.83;67.58
2;6.83;67.58
1;6.83;64.29
3;6.83;60.44
1;6.83;54.34
3;6.8;65.23
1;6.8;61.71
2;6.8;60.62
4;6.8;60.44
2;6.8;58.38
1;6.77;64.8
1;6.77;57.86
2;6.73;68.51
1;6.7;67
2;6.7;65.38
2;6.7;65.38
2;6.67;68.9
1;6.67;56.83
1;6.67;56.5
3;6.67;53.78
6;6.63;62.23
2;6.6;62.04
1;6.6;60.85
1;6.6;60.67
1;6.6;60.16
2;6.57;68.3
2;6.57;66.86
1;6.57;66.19
1;6.57;62.43
1;6.57;62.43
1;6.57;62.16
1;6.57;62.16
2;6.57;61.23
3;6.53;63.8
4;6.53;60.14
1;6.53;57.53
2;6.5;66.58
2;6.5;66.58
2;6.47;61.57
2;6.43;61.23
2;6.4;59.52
2;6.37;65.39
2;6.33;65.11
2;6.33;60.18
1;6.33;59.42
7;6.33;57.83
3;6.27;61.98
3;6.27;61.98
2;6.2;67.75
2;6.2;67.75
1;6.2;58.51
2;6.17;59.52
1;6.13;64.59
2;6.13;60.84
2;6.13;60.84
1;6.13;54.81
1;6.1;65.38
2;6.1;60.59
6;6.1;54.44
1;6.07;56.9
2;6.03;55.75
1;6.03;55.47
2;6;63.45
2;6;59.58
2;6;59.58
2;6;59.58
6;6;54.29
4;5.93;61.71
1;5.93;54.45
1;5.9;56.31
1;5.87;63.19
2;5.8;59.52
2;5.73;61.23
2;5.67;64.39
2;5.67;61.04
5;5.63;56.08
2;5.57;60
2;5.5;68.35
2;5.5;66.93
1;5.5;65.95
3;5.4;63.47
2;5.37;56.76
2;5.3;68.85
2;5.3;63.91
1;5.2;61.35
3;5.2;60.21
1;5.15;56.3
3;5.05;68.15
3;5.05;68.15
3;5.03;61.86
2;5;66.6
2;5;66.6
1;4.95;65.71
1;4.9;57.16
2;4.83;62.17
4;4.77;63.91
2;4.67;60.89
1;4.6;66.83
2;4.6;59.21
2;4.6;59.21
2;4.6;59.21
2;3.5;59.18
